ITTER107,Region,Age,Males_value,Females_value,Population_value
ITC1,Piemonte,0,14145,13640,27785
ITC1,Piemonte,1,14705,14291,28996
ITC1,Piemonte,2,15653,15180,30833
ITC1,Piemonte,3,16397,15656,32053
ITC1,Piemonte,4,17102,15731,32833
ITC1,Piemonte,5,17441,16740,34181
ITC1,Piemonte,6,18050,17015,35065
ITC1,Piemonte,7,18764,17650,36414
ITC1,Piemonte,8,19087,17611,36698
ITC1,Piemonte,9,19364,18213,37577
ITC1,Piemonte,10,19847,18804,38651
ITC1,Piemonte,11,20113,18823,38936
ITC1,Piemonte,12,20004,18908,38912
ITC1,Piemonte,13,19762,18588,38350
ITC1,Piemonte,14,19675,18479,38154
ITC1,Piemonte,15,19753,18360,38113
ITC1,Piemonte,16,19757,18497,38254
ITC1,Piemonte,17,19259,18458,37717
ITC1,Piemonte,18,19628,18381,38009
ITC1,Piemonte,19,20637,19002,39639
ITC1,Piemonte,20,20734,18520,39254
ITC1,Piemonte,21,21331,18762,40093
ITC1,Piemonte,22,20902,19012,39914
ITC1,Piemonte,23,20810,18639,39449
ITC1,Piemonte,24,20627,18781,39408
ITC1,Piemonte,25,20662,19165,39827
ITC1,Piemonte,26,20976,19503,40479
ITC1,Piemonte,27,21675,20284,41959
ITC1,Piemonte,28,21786,20520,42306
ITC1,Piemonte,29,22538,20963,43501
ITC1,Piemonte,30,22017,20897,42914
ITC1,Piemonte,31,22635,21550,44185
ITC1,Piemonte,32,21795,21395,43190
ITC1,Piemonte,33,22323,21565,43888
ITC1,Piemonte,34,22741,22372,45113
ITC1,Piemonte,35,22748,22647,45395
ITC1,Piemonte,36,23519,23286,46805
ITC1,Piemonte,37,24452,24252,48704
ITC1,Piemonte,38,24403,24499,48902
ITC1,Piemonte,39,25117,25154,50271
ITC1,Piemonte,40,25911,25657,51568
ITC1,Piemonte,41,27565,27588,55153
ITC1,Piemonte,42,28821,29281,58102
ITC1,Piemonte,43,30200,30574,60774
ITC1,Piemonte,44,31976,32480,64456
ITC1,Piemonte,45,33644,33676,67320
ITC1,Piemonte,46,33715,33500,67215
ITC1,Piemonte,47,34413,34456,68869
ITC1,Piemonte,48,34671,35322,69993
ITC1,Piemonte,49,34385,34910,69295
ITC1,Piemonte,50,35587,36165,71752
ITC1,Piemonte,51,35346,35893,71239
ITC1,Piemonte,52,35206,35985,71191
ITC1,Piemonte,53,35622,36102,71724
ITC1,Piemonte,54,35273,36100,71373
ITC1,Piemonte,55,35588,36833,72421
ITC1,Piemonte,56,33214,34336,67550
ITC1,Piemonte,57,31664,33346,65010
ITC1,Piemonte,58,31334,32928,64262
ITC1,Piemonte,59,30245,31931,62176
ITC1,Piemonte,60,29727,30853,60580
ITC1,Piemonte,61,28732,30166,58898
ITC1,Piemonte,62,28451,30065,58516
ITC1,Piemonte,63,27618,29505,57123
ITC1,Piemonte,64,27097,28873,55970
ITC1,Piemonte,65,26451,28710,55161
ITC1,Piemonte,66,25577,27574,53151
ITC1,Piemonte,67,25523,27418,52941
ITC1,Piemonte,68,24613,27272,51885
ITC1,Piemonte,69,25514,28492,54006
ITC1,Piemonte,70,25785,28591,54376
ITC1,Piemonte,71,26824,30125,56949
ITC1,Piemonte,72,26107,29252,55359
ITC1,Piemonte,73,25079,28530,53609
ITC1,Piemonte,74,18908,21790,40698
ITC1,Piemonte,75,19831,23396,43227
ITC1,Piemonte,76,19100,23468,42568
ITC1,Piemonte,77,19110,23452,42562
ITC1,Piemonte,78,18710,23720,42430
ITC1,Piemonte,79,19977,25661,45638
ITC1,Piemonte,80,19222,25183,44405
ITC1,Piemonte,81,18149,24084,42233
ITC1,Piemonte,82,15730,21671,37401
ITC1,Piemonte,83,13802,19491,33293
ITC1,Piemonte,84,12837,19270,32107
ITC1,Piemonte,85,11060,17670,28730
ITC1,Piemonte,86,9391,16050,25441
ITC1,Piemonte,87,8226,14955,23181
ITC1,Piemonte,88,7138,13711,20849
ITC1,Piemonte,89,6328,12744,19072
ITC1,Piemonte,90,4736,10477,15213
ITC1,Piemonte,91,3580,8644,12224
ITC1,Piemonte,92,2813,7260,10073
ITC1,Piemonte,93,1934,5762,7696
ITC1,Piemonte,94,1373,4440,5813
ITC1,Piemonte,95,966,3325,4291
ITC1,Piemonte,96,704,2549,3253
ITC1,Piemonte,97,437,1974,2411
ITC1,Piemonte,98,276,1334,1610
ITC1,Piemonte,99,166,842,1008
ITC1,Piemonte,100 and over,142,954,1096
ITC1,Piemonte,Total,2095058,2216159,4311217
ITC2,Valle d'Aosta / Vallée d'Aoste,0,418,417,835
ITC2,Valle d'Aosta / Vallée d'Aoste,1,476,417,893
ITC2,Valle d'Aosta / Vallée d'Aoste,2,475,413,888
ITC2,Valle d'Aosta / Vallée d'Aoste,3,498,453,951
ITC2,Valle d'Aosta / Vallée d'Aoste,4,485,476,961
ITC2,Valle d'Aosta / Vallée d'Aoste,5,550,500,1050
ITC2,Valle d'Aosta / Vallée d'Aoste,6,519,514,1033
ITC2,Valle d'Aosta / Vallée d'Aoste,7,573,551,1124
ITC2,Valle d'Aosta / Vallée d'Aoste,8,608,574,1182
ITC2,Valle d'Aosta / Vallée d'Aoste,9,581,574,1155
ITC2,Valle d'Aosta / Vallée d'Aoste,10,639,585,1224
ITC2,Valle d'Aosta / Vallée d'Aoste,11,619,585,1204
ITC2,Valle d'Aosta / Vallée d'Aoste,12,623,584,1207
ITC2,Valle d'Aosta / Vallée d'Aoste,13,652,583,1235
ITC2,Valle d'Aosta / Vallée d'Aoste,14,582,560,1142
ITC2,Valle d'Aosta / Vallée d'Aoste,15,583,592,1175
ITC2,Valle d'Aosta / Vallée d'Aoste,16,595,587,1182
ITC2,Valle d'Aosta / Vallée d'Aoste,17,595,520,1115
ITC2,Valle d'Aosta / Vallée d'Aoste,18,625,558,1183
ITC2,Valle d'Aosta / Vallée d'Aoste,19,636,590,1226
ITC2,Valle d'Aosta / Vallée d'Aoste,20,622,570,1192
ITC2,Valle d'Aosta / Vallée d'Aoste,21,633,568,1201
ITC2,Valle d'Aosta / Vallée d'Aoste,22,588,544,1132
ITC2,Valle d'Aosta / Vallée d'Aoste,23,630,586,1216
ITC2,Valle d'Aosta / Vallée d'Aoste,24,610,544,1154
ITC2,Valle d'Aosta / Vallée d'Aoste,25,581,561,1142
ITC2,Valle d'Aosta / Vallée d'Aoste,26,586,550,1136
ITC2,Valle d'Aosta / Vallée d'Aoste,27,650,583,1233
ITC2,Valle d'Aosta / Vallée d'Aoste,28,619,577,1196
ITC2,Valle d'Aosta / Vallée d'Aoste,29,625,643,1268
ITC2,Valle d'Aosta / Vallée d'Aoste,30,660,578,1238
ITC2,Valle d'Aosta / Vallée d'Aoste,31,651,630,1281
ITC2,Valle d'Aosta / Vallée d'Aoste,32,615,626,1241
ITC2,Valle d'Aosta / Vallée d'Aoste,33,605,639,1244
ITC2,Valle d'Aosta / Vallée d'Aoste,34,657,642,1299
ITC2,Valle d'Aosta / Vallée d'Aoste,35,664,646,1310
ITC2,Valle d'Aosta / Vallée d'Aoste,36,702,681,1383
ITC2,Valle d'Aosta / Vallée d'Aoste,37,679,730,1409
ITC2,Valle d'Aosta / Vallée d'Aoste,38,657,672,1329
ITC2,Valle d'Aosta / Vallée d'Aoste,39,758,682,1440
ITC2,Valle d'Aosta / Vallée d'Aoste,40,723,701,1424
ITC2,Valle d'Aosta / Vallée d'Aoste,41,881,827,1708
ITC2,Valle d'Aosta / Vallée d'Aoste,42,838,821,1659
ITC2,Valle d'Aosta / Vallée d'Aoste,43,862,920,1782
ITC2,Valle d'Aosta / Vallée d'Aoste,44,890,951,1841
ITC2,Valle d'Aosta / Vallée d'Aoste,45,985,970,1955
ITC2,Valle d'Aosta / Vallée d'Aoste,46,997,1006,2003
ITC2,Valle d'Aosta / Vallée d'Aoste,47,984,1033,2017
ITC2,Valle d'Aosta / Vallée d'Aoste,48,1022,1080,2102
ITC2,Valle d'Aosta / Vallée d'Aoste,49,1014,1050,2064
ITC2,Valle d'Aosta / Vallée d'Aoste,50,1078,1123,2201
ITC2,Valle d'Aosta / Vallée d'Aoste,51,1035,1077,2112
ITC2,Valle d'Aosta / Vallée d'Aoste,52,1064,1111,2175
ITC2,Valle d'Aosta / Vallée d'Aoste,53,1103,1100,2203
ITC2,Valle d'Aosta / Vallée d'Aoste,54,1055,1058,2113
ITC2,Valle d'Aosta / Vallée d'Aoste,55,1146,1116,2262
ITC2,Valle d'Aosta / Vallée d'Aoste,56,1060,1018,2078
ITC2,Valle d'Aosta / Vallée d'Aoste,57,929,983,1912
ITC2,Valle d'Aosta / Vallée d'Aoste,58,1000,940,1940
ITC2,Valle d'Aosta / Vallée d'Aoste,59,846,915,1761
ITC2,Valle d'Aosta / Vallée d'Aoste,60,905,952,1857
ITC2,Valle d'Aosta / Vallée d'Aoste,61,817,849,1666
ITC2,Valle d'Aosta / Vallée d'Aoste,62,813,848,1661
ITC2,Valle d'Aosta / Vallée d'Aoste,63,799,799,1598
ITC2,Valle d'Aosta / Vallée d'Aoste,64,754,868,1622
ITC2,Valle d'Aosta / Vallée d'Aoste,65,765,827,1592
ITC2,Valle d'Aosta / Vallée d'Aoste,66,792,768,1560
ITC2,Valle d'Aosta / Vallée d'Aoste,67,744,749,1493
ITC2,Valle d'Aosta / Vallée d'Aoste,68,737,773,1510
ITC2,Valle d'Aosta / Vallée d'Aoste,69,724,777,1501
ITC2,Valle d'Aosta / Vallée d'Aoste,70,748,834,1582
ITC2,Valle d'Aosta / Vallée d'Aoste,71,759,836,1595
ITC2,Valle d'Aosta / Vallée d'Aoste,72,746,735,1481
ITC2,Valle d'Aosta / Vallée d'Aoste,73,675,733,1408
ITC2,Valle d'Aosta / Vallée d'Aoste,74,489,593,1082
ITC2,Valle d'Aosta / Vallée d'Aoste,75,569,579,1148
ITC2,Valle d'Aosta / Vallée d'Aoste,76,580,622,1202
ITC2,Valle d'Aosta / Vallée d'Aoste,77,554,632,1186
ITC2,Valle d'Aosta / Vallée d'Aoste,78,524,659,1183
ITC2,Valle d'Aosta / Vallée d'Aoste,79,540,682,1222
ITC2,Valle d'Aosta / Vallée d'Aoste,80,477,637,1114
ITC2,Valle d'Aosta / Vallée d'Aoste,81,478,640,1118
ITC2,Valle d'Aosta / Vallée d'Aoste,82,398,577,975
ITC2,Valle d'Aosta / Vallée d'Aoste,83,338,513,851
ITC2,Valle d'Aosta / Vallée d'Aoste,84,296,468,764
ITC2,Valle d'Aosta / Vallée d'Aoste,85,242,440,682
ITC2,Valle d'Aosta / Vallée d'Aoste,86,236,439,675
ITC2,Valle d'Aosta / Vallée d'Aoste,87,192,380,572
ITC2,Valle d'Aosta / Vallée d'Aoste,88,175,357,532
ITC2,Valle d'Aosta / Vallée d'Aoste,89,162,355,517
ITC2,Valle d'Aosta / Vallée d'Aoste,90,136,276,412
ITC2,Valle d'Aosta / Vallée d'Aoste,91,96,246,342
ITC2,Valle d'Aosta / Vallée d'Aoste,92,63,205,268
ITC2,Valle d'Aosta / Vallée d'Aoste,93,50,164,214
ITC2,Valle d'Aosta / Vallée d'Aoste,94,49,117,166
ITC2,Valle d'Aosta / Vallée d'Aoste,95,20,82,102
ITC2,Valle d'Aosta / Vallée d'Aoste,96,16,73,89
ITC2,Valle d'Aosta / Vallée d'Aoste,97,12,51,63
ITC2,Valle d'Aosta / Vallée d'Aoste,98,5,44,49
ITC2,Valle d'Aosta / Vallée d'Aoste,99,4,25,29
ITC2,Valle d'Aosta / Vallée d'Aoste,100 and over,6,24,30
ITC2,Valle d'Aosta / Vallée d'Aoste,Total,61121,63913,125034
ITC3,Liguria,0,4421,4211,8632
ITC3,Liguria,1,4628,4343,8971
ITC3,Liguria,2,5002,4672,9674
ITC3,Liguria,3,5163,4763,9926
ITC3,Liguria,4,5224,4978,10202
ITC3,Liguria,5,5640,5218,10858
ITC3,Liguria,6,5691,5265,10956
ITC3,Liguria,7,5936,5654,11590
ITC3,Liguria,8,5847,5562,11409
ITC3,Liguria,9,6065,5865,11930
ITC3,Liguria,10,6259,6213,12472
ITC3,Liguria,11,6469,6269,12738
ITC3,Liguria,12,6546,5918,12464
ITC3,Liguria,13,6453,6186,12639
ITC3,Liguria,14,6525,6046,12571
ITC3,Liguria,15,6476,6172,12648
ITC3,Liguria,16,6461,5968,12429
ITC3,Liguria,17,6616,6162,12778
ITC3,Liguria,18,6656,6286,12942
ITC3,Liguria,19,6914,6325,13239
ITC3,Liguria,20,7000,6138,13138
ITC3,Liguria,21,7135,6253,13388
ITC3,Liguria,22,7003,6332,13335
ITC3,Liguria,23,7315,6331,13646
ITC3,Liguria,24,6956,6311,13267
ITC3,Liguria,25,6907,6443,13350
ITC3,Liguria,26,7031,6548,13579
ITC3,Liguria,27,7482,6845,14327
ITC3,Liguria,28,7183,6910,14093
ITC3,Liguria,29,7240,6960,14200
ITC3,Liguria,30,7202,6996,14198
ITC3,Liguria,31,7383,7157,14540
ITC3,Liguria,32,7340,6858,14198
ITC3,Liguria,33,7210,6890,14100
ITC3,Liguria,34,7499,7242,14741
ITC3,Liguria,35,7424,7196,14620
ITC3,Liguria,36,7653,7358,15011
ITC3,Liguria,37,7658,7336,14994
ITC3,Liguria,38,7866,7801,15667
ITC3,Liguria,39,7778,7755,15533
ITC3,Liguria,40,7977,8293,16270
ITC3,Liguria,41,8546,9040,17586
ITC3,Liguria,42,9131,9476,18607
ITC3,Liguria,43,9834,9954,19788
ITC3,Liguria,44,10483,10694,21177
ITC3,Liguria,45,11044,11532,22576
ITC3,Liguria,46,11419,11571,22990
ITC3,Liguria,47,12031,12191,24222
ITC3,Liguria,48,12152,12338,24490
ITC3,Liguria,49,12059,12605,24664
ITC3,Liguria,50,12409,12837,25246
ITC3,Liguria,51,12589,12896,25485
ITC3,Liguria,52,12273,13078,25351
ITC3,Liguria,53,12907,13433,26340
ITC3,Liguria,54,13136,13697,26833
ITC3,Liguria,55,13346,13701,27047
ITC3,Liguria,56,12352,13074,25426
ITC3,Liguria,57,11828,12631,24459
ITC3,Liguria,58,11465,12203,23668
ITC3,Liguria,59,11066,11764,22830
ITC3,Liguria,60,10916,11703,22619
ITC3,Liguria,61,10379,11235,21614
ITC3,Liguria,62,10357,10998,21355
ITC3,Liguria,63,10000,10763,20763
ITC3,Liguria,64,9564,10519,20083
ITC3,Liguria,65,9564,10415,19979
ITC3,Liguria,66,9146,10156,19302
ITC3,Liguria,67,8858,9806,18664
ITC3,Liguria,68,8680,9937,18617
ITC3,Liguria,69,9362,10417,19779
ITC3,Liguria,70,9203,10760,19963
ITC3,Liguria,71,9770,11254,21024
ITC3,Liguria,72,9871,11634,21505
ITC3,Liguria,73,9712,11765,21477
ITC3,Liguria,74,6997,8461,15458
ITC3,Liguria,75,7779,9526,17305
ITC3,Liguria,76,7473,9235,16708
ITC3,Liguria,77,7358,9609,16967
ITC3,Liguria,78,7468,9814,17282
ITC3,Liguria,79,7868,10477,18345
ITC3,Liguria,80,7476,10203,17679
ITC3,Liguria,81,7024,9879,16903
ITC3,Liguria,82,6199,9045,15244
ITC3,Liguria,83,5391,8201,13592
ITC3,Liguria,84,5022,7859,12881
ITC3,Liguria,85,4437,7193,11630
ITC3,Liguria,86,3997,6757,10754
ITC3,Liguria,87,3482,6453,9935
ITC3,Liguria,88,3015,5885,8900
ITC3,Liguria,89,2679,5613,8292
ITC3,Liguria,90,2105,4696,6801
ITC3,Liguria,91,1686,3890,5576
ITC3,Liguria,92,1313,3258,4571
ITC3,Liguria,93,909,2677,3586
ITC3,Liguria,94,692,2116,2808
ITC3,Liguria,95,471,1629,2100
ITC3,Liguria,96,325,1239,1564
ITC3,Liguria,97,221,953,1174
ITC3,Liguria,98,145,654,799
ITC3,Liguria,99,82,465,547
ITC3,Liguria,100 and over,71,562,633
ITC3,Liguria,Total,730371,794455,1524826
ITC4,Lombardia,0,37093,35467,72560
ITC4,Lombardia,1,39098,36924,76022
ITC4,Lombardia,2,41028,38592,79620
ITC4,Lombardia,3,42056,40244,82300
ITC4,Lombardia,4,43830,41237,85067
ITC4,Lombardia,5,44709,42533,87242
ITC4,Lombardia,6,45838,42983,88821
ITC4,Lombardia,7,47353,44660,92013
ITC4,Lombardia,8,48448,45543,93991
ITC4,Lombardia,9,50128,46654,96782
ITC4,Lombardia,10,50771,47893,98664
ITC4,Lombardia,11,50809,47928,98737
ITC4,Lombardia,12,50304,47264,97568
ITC4,Lombardia,13,50620,47347,97967
ITC4,Lombardia,14,49488,46241,95729
ITC4,Lombardia,15,49196,46883,96079
ITC4,Lombardia,16,48738,45352,94090
ITC4,Lombardia,17,48077,44769,92846
ITC4,Lombardia,18,48965,45473,94438
ITC4,Lombardia,19,50441,46118,96559
ITC4,Lombardia,20,50285,45505,95790
ITC4,Lombardia,21,51296,45312,96608
ITC4,Lombardia,22,50608,45548,96156
ITC4,Lombardia,23,50047,45646,95693
ITC4,Lombardia,24,49360,45629,94989
ITC4,Lombardia,25,49672,46619,96291
ITC4,Lombardia,26,50455,47959,98414
ITC4,Lombardia,27,52397,49840,102237
ITC4,Lombardia,28,52719,50695,103414
ITC4,Lombardia,29,54235,52332,106567
ITC4,Lombardia,30,54352,53202,107554
ITC4,Lombardia,31,56489,54323,110812
ITC4,Lombardia,32,55216,53877,109093
ITC4,Lombardia,33,55740,54378,110118
ITC4,Lombardia,34,57422,56430,113852
ITC4,Lombardia,35,59067,57477,116544
ITC4,Lombardia,36,60315,59273,119588
ITC4,Lombardia,37,62732,61380,124112
ITC4,Lombardia,38,63251,61744,124995
ITC4,Lombardia,39,64460,63071,127531
ITC4,Lombardia,40,66164,64610,130774
ITC4,Lombardia,41,70041,68064,138105
ITC4,Lombardia,42,73023,70983,144006
ITC4,Lombardia,43,75806,73739,149545
ITC4,Lombardia,44,80613,78690,159303
ITC4,Lombardia,45,83345,80832,164177
ITC4,Lombardia,46,82761,81260,164021
ITC4,Lombardia,47,83870,81567,165437
ITC4,Lombardia,48,84253,81331,165584
ITC4,Lombardia,49,83100,81021,164121
ITC4,Lombardia,50,84832,83430,168262
ITC4,Lombardia,51,84552,82788,167340
ITC4,Lombardia,52,83725,82957,166682
ITC4,Lombardia,53,85495,84157,169652
ITC4,Lombardia,54,84436,83800,168236
ITC4,Lombardia,55,83770,83187,166957
ITC4,Lombardia,56,77408,78489,155897
ITC4,Lombardia,57,73124,74733,147857
ITC4,Lombardia,58,70576,72608,143184
ITC4,Lombardia,59,67792,70250,138042
ITC4,Lombardia,60,65281,68668,133949
ITC4,Lombardia,61,62178,65238,127416
ITC4,Lombardia,62,60628,64086,124714
ITC4,Lombardia,63,59412,62993,122405
ITC4,Lombardia,64,56730,61918,118648
ITC4,Lombardia,65,55641,60253,115894
ITC4,Lombardia,66,53650,58088,111738
ITC4,Lombardia,67,52901,58131,111032
ITC4,Lombardia,68,51811,57818,109629
ITC4,Lombardia,69,53885,59808,113693
ITC4,Lombardia,70,53947,60389,114336
ITC4,Lombardia,71,55243,62509,117752
ITC4,Lombardia,72,53049,60453,113502
ITC4,Lombardia,73,53809,62153,115962
ITC4,Lombardia,74,39091,45685,84776
ITC4,Lombardia,75,40770,49059,89829
ITC4,Lombardia,76,39411,48388,87799
ITC4,Lombardia,77,39326,49065,88391
ITC4,Lombardia,78,38950,50014,88964
ITC4,Lombardia,79,41497,53401,94898
ITC4,Lombardia,80,39206,51554,90760
ITC4,Lombardia,81,36149,49382,85531
ITC4,Lombardia,82,30772,43613,74385
ITC4,Lombardia,83,26228,39047,65275
ITC4,Lombardia,84,24841,38863,63704
ITC4,Lombardia,85,21307,35346,56653
ITC4,Lombardia,86,18237,32392,50629
ITC4,Lombardia,87,15918,29830,45748
ITC4,Lombardia,88,13514,27035,40549
ITC4,Lombardia,89,11415,24828,36243
ITC4,Lombardia,90,8649,20681,29330
ITC4,Lombardia,91,6670,17382,24052
ITC4,Lombardia,92,5114,14465,19579
ITC4,Lombardia,93,3712,11581,15293
ITC4,Lombardia,94,2639,9290,11929
ITC4,Lombardia,95,1797,7186,8983
ITC4,Lombardia,96,1288,5346,6634
ITC4,Lombardia,97,819,3805,4624
ITC4,Lombardia,98,536,2792,3328
ITC4,Lombardia,99,312,1781,2093
ITC4,Lombardia,100 and over,248,2070,2318
ITC4,Lombardia,Total,4912375,5115227,10027602
ITD3,Veneto,0,17170,16105,33275
ITD3,Veneto,1,18182,17210,35392
ITD3,Veneto,2,19045,17886,36931
ITD3,Veneto,3,19652,18490,38142
ITD3,Veneto,4,20104,19164,39268
ITD3,Veneto,5,20775,19858,40633
ITD3,Veneto,6,21386,20228,41614
ITD3,Veneto,7,22410,21227,43637
ITD3,Veneto,8,22759,21680,44439
ITD3,Veneto,9,23631,22217,45848
ITD3,Veneto,10,23970,22523,46493
ITD3,Veneto,11,24379,23060,47439
ITD3,Veneto,12,24026,22912,46938
ITD3,Veneto,13,24202,22806,47008
ITD3,Veneto,14,24155,22562,46717
ITD3,Veneto,15,24434,22903,47337
ITD3,Veneto,16,23878,22581,46459
ITD3,Veneto,17,23819,22130,45949
ITD3,Veneto,18,23861,22057,45918
ITD3,Veneto,19,24839,23085,47924
ITD3,Veneto,20,24410,22854,47264
ITD3,Veneto,21,25119,22889,48008
ITD3,Veneto,22,25065,22951,48016
ITD3,Veneto,23,24876,22692,47568
ITD3,Veneto,24,24671,22235,46906
ITD3,Veneto,25,24364,22720,47084
ITD3,Veneto,26,24207,23235,47442
ITD3,Veneto,27,25406,23932,49338
ITD3,Veneto,28,25042,24193,49235
ITD3,Veneto,29,25868,24497,50365
ITD3,Veneto,30,25379,24753,50132
ITD3,Veneto,31,25784,25478,51262
ITD3,Veneto,32,25123,24462,49585
ITD3,Veneto,33,25022,25089,50111
ITD3,Veneto,34,26320,26407,52727
ITD3,Veneto,35,26351,26461,52812
ITD3,Veneto,36,27223,26760,53983
ITD3,Veneto,37,27887,28248,56135
ITD3,Veneto,38,28710,28546,57256
ITD3,Veneto,39,29856,28982,58838
ITD3,Veneto,40,30813,30528,61341
ITD3,Veneto,41,32922,32667,65589
ITD3,Veneto,42,33956,34078,68034
ITD3,Veneto,43,35831,35318,71149
ITD3,Veneto,44,37726,37068,74794
ITD3,Veneto,45,40012,39518,79530
ITD3,Veneto,46,39797,39192,78989
ITD3,Veneto,47,40703,39475,80178
ITD3,Veneto,48,40805,40398,81203
ITD3,Veneto,49,40992,40253,81245
ITD3,Veneto,50,42016,41333,83349
ITD3,Veneto,51,41273,41125,82398
ITD3,Veneto,52,41738,41276,83014
ITD3,Veneto,53,41925,41728,83653
ITD3,Veneto,54,41950,41685,83635
ITD3,Veneto,55,41863,42439,84302
ITD3,Veneto,56,39258,39684,78942
ITD3,Veneto,57,37709,38171,75880
ITD3,Veneto,58,36719,37491,74210
ITD3,Veneto,59,34573,35504,70077
ITD3,Veneto,60,34284,35243,69527
ITD3,Veneto,61,31863,33240,65103
ITD3,Veneto,62,31178,32416,63594
ITD3,Veneto,63,30267,32075,62342
ITD3,Veneto,64,29026,30934,59960
ITD3,Veneto,65,28673,30203,58876
ITD3,Veneto,66,27638,29141,56779
ITD3,Veneto,67,26815,28797,55612
ITD3,Veneto,68,26490,28180,54670
ITD3,Veneto,69,27004,29743,56747
ITD3,Veneto,70,26692,29001,55693
ITD3,Veneto,71,27070,30012,57082
ITD3,Veneto,72,26107,29235,55342
ITD3,Veneto,73,28001,31501,59502
ITD3,Veneto,74,18631,21794,40425
ITD3,Veneto,75,21355,24904,46259
ITD3,Veneto,76,21191,25451,46642
ITD3,Veneto,77,20078,24566,44644
ITD3,Veneto,78,19588,24041,43629
ITD3,Veneto,79,19956,25269,45225
ITD3,Veneto,80,19152,24113,43265
ITD3,Veneto,81,17182,23239,40421
ITD3,Veneto,82,14865,20744,35609
ITD3,Veneto,83,12690,19020,31710
ITD3,Veneto,84,12205,18519,30724
ITD3,Veneto,85,10761,17252,28013
ITD3,Veneto,86,8864,15053,23917
ITD3,Veneto,87,7593,14363,21956
ITD3,Veneto,88,6484,12947,19431
ITD3,Veneto,89,5643,12341,17984
ITD3,Veneto,90,4297,9879,14176
ITD3,Veneto,91,3334,8949,12283
ITD3,Veneto,92,2680,7639,10319
ITD3,Veneto,93,1940,5993,7933
ITD3,Veneto,94,1421,4847,6268
ITD3,Veneto,95,984,3644,4628
ITD3,Veneto,96,742,2875,3617
ITD3,Veneto,97,441,1971,2412
ITD3,Veneto,98,277,1387,1664
ITD3,Veneto,99,157,911,1068
ITD3,Veneto,100 and over,157,985,1142
ITD3,Veneto,Total,2389717,2489416,4879133
ITD4,Friuli-Venezia Giulia,0,3820,3630,7450
ITD4,Friuli-Venezia Giulia,1,4003,3799,7802
ITD4,Friuli-Venezia Giulia,2,4206,4023,8229
ITD4,Friuli-Venezia Giulia,3,4430,4185,8615
ITD4,Friuli-Venezia Giulia,4,4441,4274,8715
ITD4,Friuli-Venezia Giulia,5,4790,4453,9243
ITD4,Friuli-Venezia Giulia,6,4862,4564,9426
ITD4,Friuli-Venezia Giulia,7,5028,4816,9844
ITD4,Friuli-Venezia Giulia,8,5250,4771,10021
ITD4,Friuli-Venezia Giulia,9,5352,5058,10410
ITD4,Friuli-Venezia Giulia,10,5391,5159,10550
ITD4,Friuli-Venezia Giulia,11,5449,5085,10534
ITD4,Friuli-Venezia Giulia,12,5453,5281,10734
ITD4,Friuli-Venezia Giulia,13,5426,5264,10690
ITD4,Friuli-Venezia Giulia,14,5455,5056,10511
ITD4,Friuli-Venezia Giulia,15,5359,5221,10580
ITD4,Friuli-Venezia Giulia,16,5469,5048,10517
ITD4,Friuli-Venezia Giulia,17,5362,5022,10384
ITD4,Friuli-Venezia Giulia,18,5565,5021,10586
ITD4,Friuli-Venezia Giulia,19,5672,5272,10944
ITD4,Friuli-Venezia Giulia,20,5548,5038,10586
ITD4,Friuli-Venezia Giulia,21,5659,5062,10721
ITD4,Friuli-Venezia Giulia,22,5556,5020,10576
ITD4,Friuli-Venezia Giulia,23,5759,5115,10874
ITD4,Friuli-Venezia Giulia,24,5565,5002,10567
ITD4,Friuli-Venezia Giulia,25,5547,5045,10592
ITD4,Friuli-Venezia Giulia,26,5664,5097,10761
ITD4,Friuli-Venezia Giulia,27,5928,5487,11415
ITD4,Friuli-Venezia Giulia,28,5934,5627,11561
ITD4,Friuli-Venezia Giulia,29,6037,5661,11698
ITD4,Friuli-Venezia Giulia,30,6011,5690,11701
ITD4,Friuli-Venezia Giulia,31,6117,5893,12010
ITD4,Friuli-Venezia Giulia,32,5808,5729,11537
ITD4,Friuli-Venezia Giulia,33,6026,5830,11856
ITD4,Friuli-Venezia Giulia,34,6244,6150,12394
ITD4,Friuli-Venezia Giulia,35,6465,6133,12598
ITD4,Friuli-Venezia Giulia,36,6496,6154,12650
ITD4,Friuli-Venezia Giulia,37,6818,6568,13386
ITD4,Friuli-Venezia Giulia,38,6922,6567,13489
ITD4,Friuli-Venezia Giulia,39,7196,6812,14008
ITD4,Friuli-Venezia Giulia,40,7400,6991,14391
ITD4,Friuli-Venezia Giulia,41,8029,7635,15664
ITD4,Friuli-Venezia Giulia,42,8097,7818,15915
ITD4,Friuli-Venezia Giulia,43,8442,8432,16874
ITD4,Friuli-Venezia Giulia,44,9003,8868,17871
ITD4,Friuli-Venezia Giulia,45,9739,9581,19320
ITD4,Friuli-Venezia Giulia,46,9509,9624,19133
ITD4,Friuli-Venezia Giulia,47,9896,9842,19738
ITD4,Friuli-Venezia Giulia,48,9871,9911,19782
ITD4,Friuli-Venezia Giulia,49,9859,10130,19989
ITD4,Friuli-Venezia Giulia,50,10102,9969,20071
ITD4,Friuli-Venezia Giulia,51,10060,9923,19983
ITD4,Friuli-Venezia Giulia,52,10014,10203,20217
ITD4,Friuli-Venezia Giulia,53,10033,10224,20257
ITD4,Friuli-Venezia Giulia,54,10217,10270,20487
ITD4,Friuli-Venezia Giulia,55,10385,10439,20824
ITD4,Friuli-Venezia Giulia,56,9704,10044,19748
ITD4,Friuli-Venezia Giulia,57,9250,9430,18680
ITD4,Friuli-Venezia Giulia,58,9088,9131,18219
ITD4,Friuli-Venezia Giulia,59,8789,8808,17597
ITD4,Friuli-Venezia Giulia,60,8544,8803,17347
ITD4,Friuli-Venezia Giulia,61,7935,8419,16354
ITD4,Friuli-Venezia Giulia,62,7650,8311,15961
ITD4,Friuli-Venezia Giulia,63,7673,8074,15747
ITD4,Friuli-Venezia Giulia,64,7477,7900,15377
ITD4,Friuli-Venezia Giulia,65,7221,7881,15102
ITD4,Friuli-Venezia Giulia,66,7133,7867,15000
ITD4,Friuli-Venezia Giulia,67,6928,7881,14809
ITD4,Friuli-Venezia Giulia,68,6840,7754,14594
ITD4,Friuli-Venezia Giulia,69,7288,8210,15498
ITD4,Friuli-Venezia Giulia,70,7189,8023,15212
ITD4,Friuli-Venezia Giulia,71,7627,8511,16138
ITD4,Friuli-Venezia Giulia,72,7432,8632,16064
ITD4,Friuli-Venezia Giulia,73,7873,8887,16760
ITD4,Friuli-Venezia Giulia,74,5318,6044,11362
ITD4,Friuli-Venezia Giulia,75,6150,7290,13440
ITD4,Friuli-Venezia Giulia,76,5979,7092,13071
ITD4,Friuli-Venezia Giulia,77,5781,7220,13001
ITD4,Friuli-Venezia Giulia,78,5777,7183,12960
ITD4,Friuli-Venezia Giulia,79,5922,7479,13401
ITD4,Friuli-Venezia Giulia,80,5357,7086,12443
ITD4,Friuli-Venezia Giulia,81,4971,6683,11654
ITD4,Friuli-Venezia Giulia,82,4364,5988,10352
ITD4,Friuli-Venezia Giulia,83,3643,5517,9160
ITD4,Friuli-Venezia Giulia,84,3352,5204,8556
ITD4,Friuli-Venezia Giulia,85,2745,4750,7495
ITD4,Friuli-Venezia Giulia,86,2467,4319,6786
ITD4,Friuli-Venezia Giulia,87,2111,4056,6167
ITD4,Friuli-Venezia Giulia,88,1844,3648,5492
ITD4,Friuli-Venezia Giulia,89,1643,3559,5202
ITD4,Friuli-Venezia Giulia,90,1205,2954,4159
ITD4,Friuli-Venezia Giulia,91,987,2531,3518
ITD4,Friuli-Venezia Giulia,92,757,2220,2977
ITD4,Friuli-Venezia Giulia,93,559,1913,2472
ITD4,Friuli-Venezia Giulia,94,446,1529,1975
ITD4,Friuli-Venezia Giulia,95,346,1219,1565
ITD4,Friuli-Venezia Giulia,96,239,948,1187
ITD4,Friuli-Venezia Giulia,97,153,680,833
ITD4,Friuli-Venezia Giulia,98,101,581,682
ITD4,Friuli-Venezia Giulia,99,71,355,426
ITD4,Friuli-Venezia Giulia,100 and over,51,341,392
ITD4,Friuli-Venezia Giulia,Total,586719,619497,1206216
ITD5,Emilia-Romagna,0,15718,15196,30914
ITD5,Emilia-Romagna,1,17006,15773,32779
ITD5,Emilia-Romagna,2,17483,16256,33739
ITD5,Emilia-Romagna,3,18132,17215,35347
ITD5,Emilia-Romagna,4,18734,17773,36507
ITD5,Emilia-Romagna,5,19223,18227,37450
ITD5,Emilia-Romagna,6,19618,18767,38385
ITD5,Emilia-Romagna,7,20495,19098,39593
ITD5,Emilia-Romagna,8,20718,19658,40376
ITD5,Emilia-Romagna,9,21558,20162,41720
ITD5,Emilia-Romagna,10,21765,20652,42417
ITD5,Emilia-Romagna,11,21771,20392,42163
ITD5,Emilia-Romagna,12,21699,20175,41874
ITD5,Emilia-Romagna,13,21439,20067,41506
ITD5,Emilia-Romagna,14,21059,19784,40843
ITD5,Emilia-Romagna,15,20838,19620,40458
ITD5,Emilia-Romagna,16,20486,19008,39494
ITD5,Emilia-Romagna,17,20704,19111,39815
ITD5,Emilia-Romagna,18,20769,19141,39910
ITD5,Emilia-Romagna,19,21518,19308,40826
ITD5,Emilia-Romagna,20,21081,19047,40128
ITD5,Emilia-Romagna,21,21783,18687,40470
ITD5,Emilia-Romagna,22,21349,19144,40493
ITD5,Emilia-Romagna,23,21123,19286,40409
ITD5,Emilia-Romagna,24,21216,19141,40357
ITD5,Emilia-Romagna,25,21374,19848,41222
ITD5,Emilia-Romagna,26,21725,20162,41887
ITD5,Emilia-Romagna,27,22792,21605,44397
ITD5,Emilia-Romagna,28,23081,21897,44978
ITD5,Emilia-Romagna,29,23563,22756,46319
ITD5,Emilia-Romagna,30,23346,22804,46150
ITD5,Emilia-Romagna,31,23813,23070,46883
ITD5,Emilia-Romagna,32,23451,23413,46864
ITD5,Emilia-Romagna,33,23664,23774,47438
ITD5,Emilia-Romagna,34,24641,24687,49328
ITD5,Emilia-Romagna,35,25313,25169,50482
ITD5,Emilia-Romagna,36,25731,25890,51621
ITD5,Emilia-Romagna,37,26551,26649,53200
ITD5,Emilia-Romagna,38,26836,26777,53613
ITD5,Emilia-Romagna,39,27916,27746,55662
ITD5,Emilia-Romagna,40,28841,29157,57998
ITD5,Emilia-Romagna,41,30845,30875,61720
ITD5,Emilia-Romagna,42,32046,32276,64322
ITD5,Emilia-Romagna,43,33697,33819,67516
ITD5,Emilia-Romagna,44,35416,35578,70994
ITD5,Emilia-Romagna,45,37239,36828,74067
ITD5,Emilia-Romagna,46,37029,37014,74043
ITD5,Emilia-Romagna,47,37184,37042,74226
ITD5,Emilia-Romagna,48,37425,37303,74728
ITD5,Emilia-Romagna,49,36659,37039,73698
ITD5,Emilia-Romagna,50,36996,37380,74376
ITD5,Emilia-Romagna,51,36946,37027,73973
ITD5,Emilia-Romagna,52,36309,36534,72843
ITD5,Emilia-Romagna,53,36646,36868,73514
ITD5,Emilia-Romagna,54,35959,36508,72467
ITD5,Emilia-Romagna,55,36418,37256,73674
ITD5,Emilia-Romagna,56,33960,34918,68878
ITD5,Emilia-Romagna,57,32382,34068,66450
ITD5,Emilia-Romagna,58,31593,33399,64992
ITD5,Emilia-Romagna,59,30419,32511,62930
ITD5,Emilia-Romagna,60,29673,31756,61429
ITD5,Emilia-Romagna,61,28177,30263,58440
ITD5,Emilia-Romagna,62,27851,30115,57966
ITD5,Emilia-Romagna,63,27291,29618,56909
ITD5,Emilia-Romagna,64,26042,28431,54473
ITD5,Emilia-Romagna,65,24915,27965,52880
ITD5,Emilia-Romagna,66,23892,26640,50532
ITD5,Emilia-Romagna,67,23180,26523,49703
ITD5,Emilia-Romagna,68,22969,25856,48825
ITD5,Emilia-Romagna,69,23818,27236,51054
ITD5,Emilia-Romagna,70,24102,27349,51451
ITD5,Emilia-Romagna,71,25327,28751,54078
ITD5,Emilia-Romagna,72,25306,28161,53467
ITD5,Emilia-Romagna,73,25103,28807,53910
ITD5,Emilia-Romagna,74,17325,20463,37788
ITD5,Emilia-Romagna,75,19280,22565,41845
ITD5,Emilia-Romagna,76,18814,22309,41123
ITD5,Emilia-Romagna,77,18015,21897,39912
ITD5,Emilia-Romagna,78,18099,22185,40284
ITD5,Emilia-Romagna,79,18944,24327,43271
ITD5,Emilia-Romagna,80,18169,23619,41788
ITD5,Emilia-Romagna,81,17473,23127,40600
ITD5,Emilia-Romagna,82,15219,20252,35471
ITD5,Emilia-Romagna,83,12896,18388,31284
ITD5,Emilia-Romagna,84,12968,18660,31628
ITD5,Emilia-Romagna,85,11608,17673,29281
ITD5,Emilia-Romagna,86,9893,15674,25567
ITD5,Emilia-Romagna,87,8364,14026,22390
ITD5,Emilia-Romagna,88,7528,13162,20690
ITD5,Emilia-Romagna,89,6464,12503,18967
ITD5,Emilia-Romagna,90,5062,10217,15279
ITD5,Emilia-Romagna,91,4083,8996,13079
ITD5,Emilia-Romagna,92,3132,7753,10885
ITD5,Emilia-Romagna,93,2338,6285,8623
ITD5,Emilia-Romagna,94,1720,5254,6974
ITD5,Emilia-Romagna,95,1316,3998,5314
ITD5,Emilia-Romagna,96,858,3154,4012
ITD5,Emilia-Romagna,97,575,2234,2809
ITD5,Emilia-Romagna,98,406,1602,2008
ITD5,Emilia-Romagna,99,263,1026,1289
ITD5,Emilia-Romagna,100 and over,232,1183,1415
ITD5,Emilia-Romagna,Total,2173781,2290338,4464119
ITDA,Trentino Alto Adige / Südtirol,0,4909,4559,9468
ITDA,Trentino Alto Adige / Südtirol,1,5008,4728,9736
ITDA,Trentino Alto Adige / Südtirol,2,5147,4877,10024
ITDA,Trentino Alto Adige / Südtirol,3,5260,5018,10278
ITDA,Trentino Alto Adige / Südtirol,4,5324,5072,10396
ITDA,Trentino Alto Adige / Südtirol,5,5460,5176,10636
ITDA,Trentino Alto Adige / Südtirol,6,5493,5130,10623
ITDA,Trentino Alto Adige / Südtirol,7,5584,5275,10859
ITDA,Trentino Alto Adige / Südtirol,8,5581,5320,10901
ITDA,Trentino Alto Adige / Südtirol,9,5744,5348,11092
ITDA,Trentino Alto Adige / Südtirol,10,5670,5304,10974
ITDA,Trentino Alto Adige / Südtirol,11,5787,5493,11280
ITDA,Trentino Alto Adige / Südtirol,12,5813,5344,11157
ITDA,Trentino Alto Adige / Südtirol,13,5794,5443,11237
ITDA,Trentino Alto Adige / Südtirol,14,5976,5420,11396
ITDA,Trentino Alto Adige / Südtirol,15,5943,5586,11529
ITDA,Trentino Alto Adige / Südtirol,16,5857,5404,11261
ITDA,Trentino Alto Adige / Südtirol,17,5783,5381,11164
ITDA,Trentino Alto Adige / Südtirol,18,6042,5454,11496
ITDA,Trentino Alto Adige / Südtirol,19,6060,5712,11772
ITDA,Trentino Alto Adige / Südtirol,20,6093,5687,11780
ITDA,Trentino Alto Adige / Südtirol,21,6137,5791,11928
ITDA,Trentino Alto Adige / Südtirol,22,6230,5684,11914
ITDA,Trentino Alto Adige / Südtirol,23,6140,5741,11881
ITDA,Trentino Alto Adige / Südtirol,24,6065,5538,11603
ITDA,Trentino Alto Adige / Südtirol,25,6043,5730,11773
ITDA,Trentino Alto Adige / Südtirol,26,5954,5687,11641
ITDA,Trentino Alto Adige / Südtirol,27,6191,5889,12080
ITDA,Trentino Alto Adige / Südtirol,28,6207,5868,12075
ITDA,Trentino Alto Adige / Südtirol,29,6279,5895,12174
ITDA,Trentino Alto Adige / Südtirol,30,6112,5913,12025
ITDA,Trentino Alto Adige / Südtirol,31,6165,5927,12092
ITDA,Trentino Alto Adige / Südtirol,32,5993,5904,11897
ITDA,Trentino Alto Adige / Südtirol,33,6057,5866,11923
ITDA,Trentino Alto Adige / Südtirol,34,6205,6004,12209
ITDA,Trentino Alto Adige / Südtirol,35,6249,6015,12264
ITDA,Trentino Alto Adige / Südtirol,36,6379,6250,12629
ITDA,Trentino Alto Adige / Südtirol,37,6586,6473,13059
ITDA,Trentino Alto Adige / Südtirol,38,6545,6411,12956
ITDA,Trentino Alto Adige / Südtirol,39,6604,6531,13135
ITDA,Trentino Alto Adige / Südtirol,40,6524,6655,13179
ITDA,Trentino Alto Adige / Südtirol,41,6928,6955,13883
ITDA,Trentino Alto Adige / Südtirol,42,6992,6988,13980
ITDA,Trentino Alto Adige / Südtirol,43,7169,7378,14547
ITDA,Trentino Alto Adige / Südtirol,44,7545,7766,15311
ITDA,Trentino Alto Adige / Südtirol,45,8134,8095,16229
ITDA,Trentino Alto Adige / Südtirol,46,8040,8232,16272
ITDA,Trentino Alto Adige / Südtirol,47,8243,8270,16513
ITDA,Trentino Alto Adige / Südtirol,48,8520,8556,17076
ITDA,Trentino Alto Adige / Südtirol,49,8341,8421,16762
ITDA,Trentino Alto Adige / Südtirol,50,8989,8645,17634
ITDA,Trentino Alto Adige / Südtirol,51,8817,8660,17477
ITDA,Trentino Alto Adige / Südtirol,52,8619,8797,17416
ITDA,Trentino Alto Adige / Südtirol,53,8906,8878,17784
ITDA,Trentino Alto Adige / Südtirol,54,9110,8799,17909
ITDA,Trentino Alto Adige / Südtirol,55,8985,8838,17823
ITDA,Trentino Alto Adige / Südtirol,56,8412,8284,16696
ITDA,Trentino Alto Adige / Südtirol,57,7820,7961,15781
ITDA,Trentino Alto Adige / Südtirol,58,7749,8003,15752
ITDA,Trentino Alto Adige / Südtirol,59,7567,7505,15072
ITDA,Trentino Alto Adige / Südtirol,60,7310,7234,14544
ITDA,Trentino Alto Adige / Südtirol,61,6768,6877,13645
ITDA,Trentino Alto Adige / Südtirol,62,6461,6891,13352
ITDA,Trentino Alto Adige / Südtirol,63,6387,6504,12891
ITDA,Trentino Alto Adige / Südtirol,64,6071,6249,12320
ITDA,Trentino Alto Adige / Südtirol,65,5838,6063,11901
ITDA,Trentino Alto Adige / Südtirol,66,5700,5988,11688
ITDA,Trentino Alto Adige / Südtirol,67,5491,5863,11354
ITDA,Trentino Alto Adige / Südtirol,68,5411,5608,11019
ITDA,Trentino Alto Adige / Südtirol,69,5454,5900,11354
ITDA,Trentino Alto Adige / Südtirol,70,5249,5572,10821
ITDA,Trentino Alto Adige / Südtirol,71,5406,5725,11131
ITDA,Trentino Alto Adige / Südtirol,72,5055,5694,10749
ITDA,Trentino Alto Adige / Südtirol,73,5338,6105,11443
ITDA,Trentino Alto Adige / Südtirol,74,3833,4306,8139
ITDA,Trentino Alto Adige / Südtirol,75,4282,4980,9262
ITDA,Trentino Alto Adige / Südtirol,76,4462,5248,9710
ITDA,Trentino Alto Adige / Südtirol,77,4341,5150,9491
ITDA,Trentino Alto Adige / Südtirol,78,4201,5143,9344
ITDA,Trentino Alto Adige / Südtirol,79,3874,4965,8839
ITDA,Trentino Alto Adige / Südtirol,80,3664,4703,8367
ITDA,Trentino Alto Adige / Südtirol,81,3314,4374,7688
ITDA,Trentino Alto Adige / Südtirol,82,2897,3881,6778
ITDA,Trentino Alto Adige / Südtirol,83,2499,3670,6169
ITDA,Trentino Alto Adige / Südtirol,84,2291,3556,5847
ITDA,Trentino Alto Adige / Südtirol,85,2068,3354,5422
ITDA,Trentino Alto Adige / Südtirol,86,1890,3106,4996
ITDA,Trentino Alto Adige / Südtirol,87,1660,2863,4523
ITDA,Trentino Alto Adige / Südtirol,88,1441,2595,4036
ITDA,Trentino Alto Adige / Südtirol,89,1230,2516,3746
ITDA,Trentino Alto Adige / Südtirol,90,917,2084,3001
ITDA,Trentino Alto Adige / Südtirol,91,783,1755,2538
ITDA,Trentino Alto Adige / Südtirol,92,611,1511,2122
ITDA,Trentino Alto Adige / Südtirol,93,441,1226,1667
ITDA,Trentino Alto Adige / Südtirol,94,319,1028,1347
ITDA,Trentino Alto Adige / Südtirol,95,227,801,1028
ITDA,Trentino Alto Adige / Südtirol,96,182,680,862
ITDA,Trentino Alto Adige / Südtirol,97,122,511,633
ITDA,Trentino Alto Adige / Südtirol,98,73,330,403
ITDA,Trentino Alto Adige / Südtirol,99,42,226,268
ITDA,Trentino Alto Adige / Südtirol,100 and over,24,194,218
ITDA,Trentino Alto Adige / Südtirol,Total,531506,546563,1078069
ITE1,Toscana,0,11780,11440,23220
ITE1,Toscana,1,12555,12158,24713
ITE1,Toscana,2,13426,12686,26112
ITE1,Toscana,3,13853,13178,27031
ITE1,Toscana,4,14333,13269,27602
ITE1,Toscana,5,14974,14187,29161
ITE1,Toscana,6,15197,14270,29467
ITE1,Toscana,7,15961,15328,31289
ITE1,Toscana,8,16251,15417,31668
ITE1,Toscana,9,16807,15897,32704
ITE1,Toscana,10,16895,15945,32840
ITE1,Toscana,11,17587,16269,33856
ITE1,Toscana,12,17432,16115,33547
ITE1,Toscana,13,17160,16116,33276
ITE1,Toscana,14,17146,16019,33165
ITE1,Toscana,15,17135,16009,33144
ITE1,Toscana,16,16743,15605,32348
ITE1,Toscana,17,16905,15684,32589
ITE1,Toscana,18,16889,15758,32647
ITE1,Toscana,19,17340,15835,33175
ITE1,Toscana,20,17235,15268,32503
ITE1,Toscana,21,17731,15543,33274
ITE1,Toscana,22,17448,15606,33054
ITE1,Toscana,23,17320,15760,33080
ITE1,Toscana,24,17118,15676,32794
ITE1,Toscana,25,17037,16044,33081
ITE1,Toscana,26,17451,16201,33652
ITE1,Toscana,27,18189,17385,35574
ITE1,Toscana,28,18135,17342,35477
ITE1,Toscana,29,19152,18102,37254
ITE1,Toscana,30,18666,18264,36930
ITE1,Toscana,31,19390,19005,38395
ITE1,Toscana,32,18912,18661,37573
ITE1,Toscana,33,18577,19099,37676
ITE1,Toscana,34,19522,19940,39462
ITE1,Toscana,35,19973,20153,40126
ITE1,Toscana,36,20441,20841,41282
ITE1,Toscana,37,21207,21309,42516
ITE1,Toscana,38,21424,21687,43111
ITE1,Toscana,39,22168,22249,44417
ITE1,Toscana,40,23061,23522,46583
ITE1,Toscana,41,24465,24939,49404
ITE1,Toscana,42,25363,25913,51276
ITE1,Toscana,43,26414,27341,53755
ITE1,Toscana,44,27843,28727,56570
ITE1,Toscana,45,29208,30141,59349
ITE1,Toscana,46,29231,30361,59592
ITE1,Toscana,47,29746,30349,60095
ITE1,Toscana,48,29813,30751,60564
ITE1,Toscana,49,29638,29841,59479
ITE1,Toscana,50,30101,30964,61065
ITE1,Toscana,51,29428,30767,60195
ITE1,Toscana,52,29534,31065,60599
ITE1,Toscana,53,30202,31158,61360
ITE1,Toscana,54,30110,31215,61325
ITE1,Toscana,55,30251,31637,61888
ITE1,Toscana,56,28184,29584,57768
ITE1,Toscana,57,27072,28578,55650
ITE1,Toscana,58,26242,28224,54466
ITE1,Toscana,59,25663,27131,52794
ITE1,Toscana,60,24998,26502,51500
ITE1,Toscana,61,23537,25960,49497
ITE1,Toscana,62,23068,25271,48339
ITE1,Toscana,63,22680,24940,47620
ITE1,Toscana,64,22025,24584,46609
ITE1,Toscana,65,21694,24355,46049
ITE1,Toscana,66,20825,22804,43629
ITE1,Toscana,67,20375,22753,43128
ITE1,Toscana,68,20413,22423,42836
ITE1,Toscana,69,20861,23185,44046
ITE1,Toscana,70,21550,24312,45862
ITE1,Toscana,71,22807,25819,48626
ITE1,Toscana,72,22412,25887,48299
ITE1,Toscana,73,22404,25872,48276
ITE1,Toscana,74,17084,20090,37174
ITE1,Toscana,75,16846,19941,36787
ITE1,Toscana,76,16537,19990,36527
ITE1,Toscana,77,15516,19100,34616
ITE1,Toscana,78,15500,19734,35234
ITE1,Toscana,79,16774,21976,38750
ITE1,Toscana,80,15997,20744,36741
ITE1,Toscana,81,15497,20502,35999
ITE1,Toscana,82,13212,18356,31568
ITE1,Toscana,83,11504,16303,27807
ITE1,Toscana,84,11080,16241,27321
ITE1,Toscana,85,9554,14598,24152
ITE1,Toscana,86,8429,13481,21910
ITE1,Toscana,87,7161,12378,19539
ITE1,Toscana,88,6403,11618,18021
ITE1,Toscana,89,5604,10991,16595
ITE1,Toscana,90,4311,9063,13374
ITE1,Toscana,91,3436,7894,11330
ITE1,Toscana,92,2777,6558,9335
ITE1,Toscana,93,2073,5308,7381
ITE1,Toscana,94,1389,4289,5678
ITE1,Toscana,95,1065,3354,4419
ITE1,Toscana,96,746,2558,3304
ITE1,Toscana,97,450,1842,2292
ITE1,Toscana,98,331,1350,1681
ITE1,Toscana,99,190,908,1098
ITE1,Toscana,100 and over,169,875,1044
ITE1,Toscana,Total,1784318,1908237,3692555
ITE2,Umbria,0,2766,2722,5488
ITE2,Umbria,1,2954,2745,5699
ITE2,Umbria,2,3071,2921,5992
ITE2,Umbria,3,3259,3122,6381
ITE2,Umbria,4,3295,3133,6428
ITE2,Umbria,5,3500,3345,6845
ITE2,Umbria,6,3682,3436,7118
ITE2,Umbria,7,3751,3710,7461
ITE2,Umbria,8,3836,3716,7552
ITE2,Umbria,9,4002,3740,7742
ITE2,Umbria,10,3991,3715,7706
ITE2,Umbria,11,4128,4004,8132
ITE2,Umbria,12,4182,3915,8097
ITE2,Umbria,13,4136,3846,7982
ITE2,Umbria,14,4114,3834,7948
ITE2,Umbria,15,3957,3786,7743
ITE2,Umbria,16,4016,3640,7656
ITE2,Umbria,17,3906,3762,7668
ITE2,Umbria,18,3949,3651,7600
ITE2,Umbria,19,3995,3830,7825
ITE2,Umbria,20,4201,3617,7818
ITE2,Umbria,21,4242,3671,7913
ITE2,Umbria,22,4160,3708,7868
ITE2,Umbria,23,4168,3748,7916
ITE2,Umbria,24,4131,3776,7907
ITE2,Umbria,25,4097,3851,7948
ITE2,Umbria,26,4225,3943,8168
ITE2,Umbria,27,4458,4146,8604
ITE2,Umbria,28,4387,4097,8484
ITE2,Umbria,29,4433,4289,8722
ITE2,Umbria,30,4525,4393,8918
ITE2,Umbria,31,4694,4642,9336
ITE2,Umbria,32,4567,4460,9027
ITE2,Umbria,33,4562,4628,9190
ITE2,Umbria,34,4672,4824,9496
ITE2,Umbria,35,4747,4872,9619
ITE2,Umbria,36,5139,5141,10280
ITE2,Umbria,37,5147,5067,10214
ITE2,Umbria,38,5214,5277,10491
ITE2,Umbria,39,5304,5288,10592
ITE2,Umbria,40,5478,5536,11014
ITE2,Umbria,41,5680,5925,11605
ITE2,Umbria,42,5992,6095,12087
ITE2,Umbria,43,6180,6244,12424
ITE2,Umbria,44,6353,6688,13041
ITE2,Umbria,45,6645,6999,13644
ITE2,Umbria,46,6685,6876,13561
ITE2,Umbria,47,6505,6895,13400
ITE2,Umbria,48,6637,6996,13633
ITE2,Umbria,49,6637,6786,13423
ITE2,Umbria,50,6745,7115,13860
ITE2,Umbria,51,6657,7155,13812
ITE2,Umbria,52,6572,7081,13653
ITE2,Umbria,53,6658,7002,13660
ITE2,Umbria,54,6921,7249,14170
ITE2,Umbria,55,6930,7300,14230
ITE2,Umbria,56,6338,6992,13330
ITE2,Umbria,57,6224,6731,12955
ITE2,Umbria,58,6279,6628,12907
ITE2,Umbria,59,6102,6620,12722
ITE2,Umbria,60,5852,6336,12188
ITE2,Umbria,61,5528,6005,11533
ITE2,Umbria,62,5385,5900,11285
ITE2,Umbria,63,5490,5979,11469
ITE2,Umbria,64,5331,5844,11175
ITE2,Umbria,65,5128,5758,10886
ITE2,Umbria,66,5110,5579,10689
ITE2,Umbria,67,4755,5327,10082
ITE2,Umbria,68,5009,5547,10556
ITE2,Umbria,69,5088,5588,10676
ITE2,Umbria,70,5239,5766,11005
ITE2,Umbria,71,5584,6129,11713
ITE2,Umbria,72,5105,5660,10765
ITE2,Umbria,73,4811,5477,10288
ITE2,Umbria,74,3796,4411,8207
ITE2,Umbria,75,3918,4738,8656
ITE2,Umbria,76,4168,4811,8979
ITE2,Umbria,77,3771,4424,8195
ITE2,Umbria,78,3728,4471,8199
ITE2,Umbria,79,4061,4936,8997
ITE2,Umbria,80,3730,4929,8659
ITE2,Umbria,81,3751,4868,8619
ITE2,Umbria,82,3038,4405,7443
ITE2,Umbria,83,2695,3957,6652
ITE2,Umbria,84,2613,3867,6480
ITE2,Umbria,85,2366,3672,6038
ITE2,Umbria,86,2158,3373,5531
ITE2,Umbria,87,1780,2936,4716
ITE2,Umbria,88,1633,2917,4550
ITE2,Umbria,89,1380,2710,4090
ITE2,Umbria,90,986,2250,3236
ITE2,Umbria,91,812,1922,2734
ITE2,Umbria,92,650,1728,2378
ITE2,Umbria,93,517,1339,1856
ITE2,Umbria,94,375,1135,1510
ITE2,Umbria,95,302,848,1150
ITE2,Umbria,96,176,607,783
ITE2,Umbria,97,119,423,542
ITE2,Umbria,98,91,332,423
ITE2,Umbria,99,49,200,249
ITE2,Umbria,100 and over,35,243,278
ITE2,Umbria,Total,419894,450271,870165
ITE3,Marche,0,5006,4576,9582
ITE3,Marche,1,5217,4923,10140
ITE3,Marche,2,5485,5221,10706
ITE3,Marche,3,5909,5493,11402
ITE3,Marche,4,6022,5839,11861
ITE3,Marche,5,6275,5904,12179
ITE3,Marche,6,6515,5975,12490
ITE3,Marche,7,6594,6224,12818
ITE3,Marche,8,6826,6626,13452
ITE3,Marche,9,7042,6590,13632
ITE3,Marche,10,7218,6782,14000
ITE3,Marche,11,7267,6807,14074
ITE3,Marche,12,7158,6709,13867
ITE3,Marche,13,7050,6645,13695
ITE3,Marche,14,7003,6663,13666
ITE3,Marche,15,7126,6574,13700
ITE3,Marche,16,6944,6608,13552
ITE3,Marche,17,7113,6569,13682
ITE3,Marche,18,7064,6594,13658
ITE3,Marche,19,7551,6723,14274
ITE3,Marche,20,7463,6772,14235
ITE3,Marche,21,7785,6790,14575
ITE3,Marche,22,7587,6826,14413
ITE3,Marche,23,7510,6763,14273
ITE3,Marche,24,7561,6867,14428
ITE3,Marche,25,7436,6872,14308
ITE3,Marche,26,7500,7100,14600
ITE3,Marche,27,7842,7359,15201
ITE3,Marche,28,7863,7292,15155
ITE3,Marche,29,7957,7594,15551
ITE3,Marche,30,7791,7576,15367
ITE3,Marche,31,7883,7842,15725
ITE3,Marche,32,7799,7574,15373
ITE3,Marche,33,8082,7849,15931
ITE3,Marche,34,8080,8210,16290
ITE3,Marche,35,8255,8226,16481
ITE3,Marche,36,8441,8565,17006
ITE3,Marche,37,8901,8844,17745
ITE3,Marche,38,8946,8898,17844
ITE3,Marche,39,9351,9274,18625
ITE3,Marche,40,9639,9811,19450
ITE3,Marche,41,10365,10334,20699
ITE3,Marche,42,10522,10772,21294
ITE3,Marche,43,11013,10891,21904
ITE3,Marche,44,11401,11620,23021
ITE3,Marche,45,11843,11742,23585
ITE3,Marche,46,11534,11713,23247
ITE3,Marche,47,11724,11770,23494
ITE3,Marche,48,11975,12287,24262
ITE3,Marche,49,11693,11801,23494
ITE3,Marche,50,11901,12487,24388
ITE3,Marche,51,11883,12167,24050
ITE3,Marche,52,11824,12301,24125
ITE3,Marche,53,11961,12323,24284
ITE3,Marche,54,11996,12164,24160
ITE3,Marche,55,12293,12560,24853
ITE3,Marche,56,11506,12011,23517
ITE3,Marche,57,11153,11233,22386
ITE3,Marche,58,11148,11488,22636
ITE3,Marche,59,10594,11201,21795
ITE3,Marche,60,10190,11010,21200
ITE3,Marche,61,9931,10631,20562
ITE3,Marche,62,9629,10454,20083
ITE3,Marche,63,9599,10599,20198
ITE3,Marche,64,9217,10186,19403
ITE3,Marche,65,9002,9694,18696
ITE3,Marche,66,8665,9485,18150
ITE3,Marche,67,8727,9333,18060
ITE3,Marche,68,8726,9554,18280
ITE3,Marche,69,8882,9652,18534
ITE3,Marche,70,8508,9345,17853
ITE3,Marche,71,8648,9660,18308
ITE3,Marche,72,8361,9228,17589
ITE3,Marche,73,8168,9377,17545
ITE3,Marche,74,6773,7637,14410
ITE3,Marche,75,6364,7467,13831
ITE3,Marche,76,6639,7785,14424
ITE3,Marche,77,6113,7422,13535
ITE3,Marche,78,5928,7486,13414
ITE3,Marche,79,6578,8454,15032
ITE3,Marche,80,6599,8467,15066
ITE3,Marche,81,6321,8443,14764
ITE3,Marche,82,5555,7368,12923
ITE3,Marche,83,4680,6841,11521
ITE3,Marche,84,4596,6890,11486
ITE3,Marche,85,4136,6214,10350
ITE3,Marche,86,3549,5772,9321
ITE3,Marche,87,2919,5009,7928
ITE3,Marche,88,2756,4923,7679
ITE3,Marche,89,2314,4473,6787
ITE3,Marche,90,1814,3572,5386
ITE3,Marche,91,1460,3203,4663
ITE3,Marche,92,1197,2854,4051
ITE3,Marche,93,849,2366,3215
ITE3,Marche,94,672,1884,2556
ITE3,Marche,95,418,1364,1782
ITE3,Marche,96,329,1039,1368
ITE3,Marche,97,202,733,935
ITE3,Marche,98,128,563,691
ITE3,Marche,99,94,352,446
ITE3,Marche,100 and over,69,378,447
ITE3,Marche,Total,735691,776981,1512672
ITE4,Lazio,0,19697,18465,38162
ITE4,Lazio,1,21734,20595,42329
ITE4,Lazio,2,22860,21447,44307
ITE4,Lazio,3,23953,22637,46590
ITE4,Lazio,4,24335,23446,47781
ITE4,Lazio,5,25615,23898,49513
ITE4,Lazio,6,25957,24493,50450
ITE4,Lazio,7,27324,26009,53333
ITE4,Lazio,8,27399,25896,53295
ITE4,Lazio,9,28116,26493,54609
ITE4,Lazio,10,28338,26442,54780
ITE4,Lazio,11,28167,27037,55204
ITE4,Lazio,12,28661,26769,55430
ITE4,Lazio,13,28261,26734,54995
ITE4,Lazio,14,27449,25800,53249
ITE4,Lazio,15,27681,26000,53681
ITE4,Lazio,16,27280,25891,53171
ITE4,Lazio,17,27007,25264,52271
ITE4,Lazio,18,27298,25435,52733
ITE4,Lazio,19,28048,25741,53789
ITE4,Lazio,20,27906,25341,53247
ITE4,Lazio,21,28682,25641,54323
ITE4,Lazio,22,28497,25708,54205
ITE4,Lazio,23,28798,25964,54762
ITE4,Lazio,24,29169,26174,55343
ITE4,Lazio,25,29051,26776,55827
ITE4,Lazio,26,29243,27614,56857
ITE4,Lazio,27,30659,28907,59566
ITE4,Lazio,28,30248,28913,59161
ITE4,Lazio,29,31252,29918,61170
ITE4,Lazio,30,31230,30280,61510
ITE4,Lazio,31,32167,31538,63705
ITE4,Lazio,32,31687,31721,63408
ITE4,Lazio,33,32079,31744,63823
ITE4,Lazio,34,33454,33416,66870
ITE4,Lazio,35,34722,34341,69063
ITE4,Lazio,36,35567,35038,70605
ITE4,Lazio,37,36661,36860,73521
ITE4,Lazio,38,36780,37582,74362
ITE4,Lazio,39,37605,38236,75841
ITE4,Lazio,40,38659,39579,78238
ITE4,Lazio,41,40660,41853,82513
ITE4,Lazio,42,41497,42593,84090
ITE4,Lazio,43,42878,44780,87658
ITE4,Lazio,44,45028,47066,92094
ITE4,Lazio,45,46529,49270,95799
ITE4,Lazio,46,46614,49180,95794
ITE4,Lazio,47,46966,49806,96772
ITE4,Lazio,48,46873,49854,96727
ITE4,Lazio,49,47022,49621,96643
ITE4,Lazio,50,47322,50650,97972
ITE4,Lazio,51,46692,50158,96850
ITE4,Lazio,52,46501,50400,96901
ITE4,Lazio,53,47286,49996,97282
ITE4,Lazio,54,47144,49959,97103
ITE4,Lazio,55,47563,51032,98595
ITE4,Lazio,56,44355,47906,92261
ITE4,Lazio,57,42379,45800,88179
ITE4,Lazio,58,41033,44646,85679
ITE4,Lazio,59,39124,42884,82008
ITE4,Lazio,60,37695,41593,79288
ITE4,Lazio,61,35867,39947,75814
ITE4,Lazio,62,35154,39131,74285
ITE4,Lazio,63,34400,38022,72422
ITE4,Lazio,64,33567,37448,71015
ITE4,Lazio,65,32588,36866,69454
ITE4,Lazio,66,30600,34675,65275
ITE4,Lazio,67,29698,33710,63408
ITE4,Lazio,68,29014,33364,62378
ITE4,Lazio,69,29674,34076,63750
ITE4,Lazio,70,29442,33961,63403
ITE4,Lazio,71,30489,35866,66355
ITE4,Lazio,72,30137,35125,65262
ITE4,Lazio,73,28556,34408,62964
ITE4,Lazio,74,21868,26876,48744
ITE4,Lazio,75,21717,26670,48387
ITE4,Lazio,76,21986,28028,50014
ITE4,Lazio,77,20998,26930,47928
ITE4,Lazio,78,20768,26866,47634
ITE4,Lazio,79,21934,29382,51316
ITE4,Lazio,80,20627,27777,48404
ITE4,Lazio,81,18948,26319,45267
ITE4,Lazio,82,16628,23840,40468
ITE4,Lazio,83,14674,21739,36413
ITE4,Lazio,84,13955,20969,34924
ITE4,Lazio,85,12048,19514,31562
ITE4,Lazio,86,10448,17386,27834
ITE4,Lazio,87,8811,15478,24289
ITE4,Lazio,88,7801,14192,21993
ITE4,Lazio,89,6742,13482,20224
ITE4,Lazio,90,5173,10558,15731
ITE4,Lazio,91,3921,8962,12883
ITE4,Lazio,92,3019,7417,10436
ITE4,Lazio,93,2323,6106,8429
ITE4,Lazio,94,1601,4630,6231
ITE4,Lazio,95,1216,3658,4874
ITE4,Lazio,96,852,2766,3618
ITE4,Lazio,97,598,1968,2566
ITE4,Lazio,98,369,1443,1812
ITE4,Lazio,99,272,958,1230
ITE4,Lazio,100 and over,241,1176,1417
ITE4,Lazio,Total,2779181,2976519,5755700
ITF1,Abruzzo,0,4264,4108,8372
ITF1,Abruzzo,1,4494,4316,8810
ITF1,Abruzzo,2,4874,4562,9436
ITF1,Abruzzo,3,5138,4833,9971
ITF1,Abruzzo,4,5211,4874,10085
ITF1,Abruzzo,5,5296,5004,10300
ITF1,Abruzzo,6,5381,5072,10453
ITF1,Abruzzo,7,5623,5343,10966
ITF1,Abruzzo,8,5802,5313,11115
ITF1,Abruzzo,9,5882,5597,11479
ITF1,Abruzzo,10,5821,5465,11286
ITF1,Abruzzo,11,6015,5676,11691
ITF1,Abruzzo,12,5863,5624,11487
ITF1,Abruzzo,13,5870,5494,11364
ITF1,Abruzzo,14,5854,5634,11488
ITF1,Abruzzo,15,6035,5559,11594
ITF1,Abruzzo,16,5970,5543,11513
ITF1,Abruzzo,17,5930,5456,11386
ITF1,Abruzzo,18,6090,5703,11793
ITF1,Abruzzo,19,6412,5647,12059
ITF1,Abruzzo,20,6309,5716,12025
ITF1,Abruzzo,21,6476,5943,12419
ITF1,Abruzzo,22,6542,5819,12361
ITF1,Abruzzo,23,6481,6119,12600
ITF1,Abruzzo,24,6548,5931,12479
ITF1,Abruzzo,25,6683,6309,12992
ITF1,Abruzzo,26,6955,6419,13374
ITF1,Abruzzo,27,7181,6747,13928
ITF1,Abruzzo,28,7106,6736,13842
ITF1,Abruzzo,29,7191,6872,14063
ITF1,Abruzzo,30,7329,6807,14136
ITF1,Abruzzo,31,7341,7068,14409
ITF1,Abruzzo,32,7138,7018,14156
ITF1,Abruzzo,33,7386,7161,14547
ITF1,Abruzzo,34,7551,7396,14947
ITF1,Abruzzo,35,7760,7472,15232
ITF1,Abruzzo,36,7739,7490,15229
ITF1,Abruzzo,37,7955,7976,15931
ITF1,Abruzzo,38,7966,7869,15835
ITF1,Abruzzo,39,8307,7984,16291
ITF1,Abruzzo,40,8565,8365,16930
ITF1,Abruzzo,41,8940,8654,17594
ITF1,Abruzzo,42,8999,8739,17738
ITF1,Abruzzo,43,9308,9185,18493
ITF1,Abruzzo,44,9363,9642,19005
ITF1,Abruzzo,45,9987,9832,19819
ITF1,Abruzzo,46,9647,9928,19575
ITF1,Abruzzo,47,9982,10212,20194
ITF1,Abruzzo,48,10044,10514,20558
ITF1,Abruzzo,49,9910,10244,20154
ITF1,Abruzzo,50,10418,10636,21054
ITF1,Abruzzo,51,10332,10540,20872
ITF1,Abruzzo,52,10322,10738,21060
ITF1,Abruzzo,53,10447,10798,21245
ITF1,Abruzzo,54,10452,10820,21272
ITF1,Abruzzo,55,10636,10742,21378
ITF1,Abruzzo,56,9842,10290,20132
ITF1,Abruzzo,57,9470,9923,19393
ITF1,Abruzzo,58,9113,9926,19039
ITF1,Abruzzo,59,9016,9696,18712
ITF1,Abruzzo,60,8844,9577,18421
ITF1,Abruzzo,61,8552,9181,17733
ITF1,Abruzzo,62,8422,9050,17472
ITF1,Abruzzo,63,8422,8756,17178
ITF1,Abruzzo,64,8228,8960,17188
ITF1,Abruzzo,65,8038,8758,16796
ITF1,Abruzzo,66,7535,8193,15728
ITF1,Abruzzo,67,7479,8120,15599
ITF1,Abruzzo,68,7350,8246,15596
ITF1,Abruzzo,69,7675,8319,15994
ITF1,Abruzzo,70,7731,8502,16233
ITF1,Abruzzo,71,7694,8655,16349
ITF1,Abruzzo,72,7341,8062,15403
ITF1,Abruzzo,73,7077,7764,14841
ITF1,Abruzzo,74,5110,5956,11066
ITF1,Abruzzo,75,5539,6253,11792
ITF1,Abruzzo,76,5149,6137,11286
ITF1,Abruzzo,77,4934,5893,10827
ITF1,Abruzzo,78,4887,5849,10736
ITF1,Abruzzo,79,5348,6691,12039
ITF1,Abruzzo,80,5207,6695,11902
ITF1,Abruzzo,81,4610,5988,10598
ITF1,Abruzzo,82,4385,5825,10210
ITF1,Abruzzo,83,3841,5392,9233
ITF1,Abruzzo,84,3612,5273,8885
ITF1,Abruzzo,85,3151,4900,8051
ITF1,Abruzzo,86,2902,4774,7676
ITF1,Abruzzo,87,2414,4021,6435
ITF1,Abruzzo,88,2118,3813,5931
ITF1,Abruzzo,89,1941,3626,5567
ITF1,Abruzzo,90,1435,2904,4339
ITF1,Abruzzo,91,1114,2464,3578
ITF1,Abruzzo,92,932,2157,3089
ITF1,Abruzzo,93,649,1677,2326
ITF1,Abruzzo,94,491,1298,1789
ITF1,Abruzzo,95,352,1044,1396
ITF1,Abruzzo,96,230,772,1002
ITF1,Abruzzo,97,166,579,745
ITF1,Abruzzo,98,140,386,526
ITF1,Abruzzo,99,73,259,332
ITF1,Abruzzo,100 and over,63,330,393
ITF1,Abruzzo,Total,631743,662198,1293941
ITF2,Molise,0,983,905,1888
ITF2,Molise,1,949,914,1863
ITF2,Molise,2,1083,996,2079
ITF2,Molise,3,1029,997,2026
ITF2,Molise,4,1096,1019,2115
ITF2,Molise,5,1153,1000,2153
ITF2,Molise,6,1119,1073,2192
ITF2,Molise,7,1175,1070,2245
ITF2,Molise,8,1164,1152,2316
ITF2,Molise,9,1283,1161,2444
ITF2,Molise,10,1183,1088,2271
ITF2,Molise,11,1304,1167,2471
ITF2,Molise,12,1271,1210,2481
ITF2,Molise,13,1268,1211,2479
ITF2,Molise,14,1336,1212,2548
ITF2,Molise,15,1371,1195,2566
ITF2,Molise,16,1358,1245,2603
ITF2,Molise,17,1351,1321,2672
ITF2,Molise,18,1426,1314,2740
ITF2,Molise,19,1484,1383,2867
ITF2,Molise,20,1588,1377,2965
ITF2,Molise,21,1722,1420,3142
ITF2,Molise,22,1666,1410,3076
ITF2,Molise,23,1601,1476,3077
ITF2,Molise,24,1630,1510,3140
ITF2,Molise,25,1735,1505,3240
ITF2,Molise,26,1737,1580,3317
ITF2,Molise,27,1779,1648,3427
ITF2,Molise,28,1833,1563,3396
ITF2,Molise,29,1738,1604,3342
ITF2,Molise,30,1742,1607,3349
ITF2,Molise,31,1767,1619,3386
ITF2,Molise,32,1833,1595,3428
ITF2,Molise,33,1762,1578,3340
ITF2,Molise,34,1768,1670,3438
ITF2,Molise,35,1779,1648,3427
ITF2,Molise,36,1826,1653,3479
ITF2,Molise,37,1823,1760,3583
ITF2,Molise,38,1866,1779,3645
ITF2,Molise,39,1822,1764,3586
ITF2,Molise,40,1924,1873,3797
ITF2,Molise,41,1971,1931,3902
ITF2,Molise,42,1989,1974,3963
ITF2,Molise,43,2146,1920,4066
ITF2,Molise,44,2202,2122,4324
ITF2,Molise,45,2276,2223,4499
ITF2,Molise,46,2143,2197,4340
ITF2,Molise,47,2211,2246,4457
ITF2,Molise,48,2210,2218,4428
ITF2,Molise,49,2213,2225,4438
ITF2,Molise,50,2299,2384,4683
ITF2,Molise,51,2316,2379,4695
ITF2,Molise,52,2344,2477,4821
ITF2,Molise,53,2378,2508,4886
ITF2,Molise,54,2419,2465,4884
ITF2,Molise,55,2530,2523,5053
ITF2,Molise,56,2372,2322,4694
ITF2,Molise,57,2249,2317,4566
ITF2,Molise,58,2291,2233,4524
ITF2,Molise,59,2283,2354,4637
ITF2,Molise,60,2168,2276,4444
ITF2,Molise,61,1989,2215,4204
ITF2,Molise,62,2070,2134,4204
ITF2,Molise,63,2101,2096,4197
ITF2,Molise,64,2025,2096,4121
ITF2,Molise,65,2003,2155,4158
ITF2,Molise,66,1849,1937,3786
ITF2,Molise,67,1893,2019,3912
ITF2,Molise,68,1748,1857,3605
ITF2,Molise,69,1893,1985,3878
ITF2,Molise,70,1975,2055,4030
ITF2,Molise,71,1903,2002,3905
ITF2,Molise,72,1782,1926,3708
ITF2,Molise,73,1678,1730,3408
ITF2,Molise,74,1246,1395,2641
ITF2,Molise,75,1192,1379,2571
ITF2,Molise,76,1105,1290,2395
ITF2,Molise,77,1074,1223,2297
ITF2,Molise,78,1111,1412,2523
ITF2,Molise,79,1235,1578,2813
ITF2,Molise,80,1242,1691,2933
ITF2,Molise,81,1068,1374,2442
ITF2,Molise,82,999,1407,2406
ITF2,Molise,83,926,1425,2351
ITF2,Molise,84,877,1353,2230
ITF2,Molise,85,833,1305,2138
ITF2,Molise,86,724,1215,1939
ITF2,Molise,87,596,1054,1650
ITF2,Molise,88,538,940,1478
ITF2,Molise,89,486,985,1471
ITF2,Molise,90,383,757,1140
ITF2,Molise,91,270,641,911
ITF2,Molise,92,219,597,816
ITF2,Molise,93,171,469,640
ITF2,Molise,94,113,343,456
ITF2,Molise,95,99,294,393
ITF2,Molise,96,67,202,269
ITF2,Molise,97,48,171,219
ITF2,Molise,98,43,119,162
ITF2,Molise,99,18,79,97
ITF2,Molise,100 and over,24,92,116
ITF2,Molise,Total,147953,152563,300516
ITF3,Campania,0,23548,22462,46010
ITF3,Campania,1,24392,22746,47138
ITF3,Campania,2,25245,24101,49346
ITF3,Campania,3,25422,24056,49478
ITF3,Campania,4,25755,24455,50210
ITF3,Campania,5,26369,24576,50945
ITF3,Campania,6,26543,25463,52006
ITF3,Campania,7,28135,26238,54373
ITF3,Campania,8,28661,26870,55531
ITF3,Campania,9,29648,27591,57239
ITF3,Campania,10,30083,28701,58784
ITF3,Campania,11,30405,29066,59471
ITF3,Campania,12,31065,29669,60734
ITF3,Campania,13,31568,29537,61105
ITF3,Campania,14,31716,29988,61704
ITF3,Campania,15,32881,30912,63793
ITF3,Campania,16,32944,31576,64520
ITF3,Campania,17,32907,31204,64111
ITF3,Campania,18,34083,31736,65819
ITF3,Campania,19,34789,32455,67244
ITF3,Campania,20,35099,32426,67525
ITF3,Campania,21,35426,32326,67752
ITF3,Campania,22,35245,32389,67634
ITF3,Campania,23,35249,32905,68154
ITF3,Campania,24,34679,33423,68102
ITF3,Campania,25,35176,33582,68758
ITF3,Campania,26,35466,34362,69828
ITF3,Campania,27,36800,35854,72654
ITF3,Campania,28,36232,35588,71820
ITF3,Campania,29,35958,35294,71252
ITF3,Campania,30,35567,35215,70782
ITF3,Campania,31,35879,35798,71677
ITF3,Campania,32,35137,34254,69391
ITF3,Campania,33,34643,34189,68832
ITF3,Campania,34,35725,34665,70390
ITF3,Campania,35,35596,35841,71437
ITF3,Campania,36,35980,36025,72005
ITF3,Campania,37,37127,36689,73816
ITF3,Campania,38,36239,36702,72941
ITF3,Campania,39,37055,36932,73987
ITF3,Campania,40,37549,38091,75640
ITF3,Campania,41,38483,39232,77715
ITF3,Campania,42,39267,39978,79245
ITF3,Campania,43,40615,41593,82208
ITF3,Campania,44,42193,42816,85009
ITF3,Campania,45,43116,44827,87943
ITF3,Campania,46,42280,44381,86661
ITF3,Campania,47,42565,44669,87234
ITF3,Campania,48,42476,45209,87685
ITF3,Campania,49,41719,44538,86257
ITF3,Campania,50,43091,45468,88559
ITF3,Campania,51,42853,45637,88490
ITF3,Campania,52,43220,46290,89510
ITF3,Campania,53,43598,46445,90043
ITF3,Campania,54,43588,46343,89931
ITF3,Campania,55,44388,47363,91751
ITF3,Campania,56,41300,44681,85981
ITF3,Campania,57,40139,43762,83901
ITF3,Campania,58,39222,42815,82037
ITF3,Campania,59,37444,41037,78481
ITF3,Campania,60,37047,40129,77176
ITF3,Campania,61,34939,38127,73066
ITF3,Campania,62,34478,37499,71977
ITF3,Campania,63,32639,35943,68582
ITF3,Campania,64,33276,35853,69129
ITF3,Campania,65,32405,35734,68139
ITF3,Campania,66,29845,32447,62292
ITF3,Campania,67,28725,31315,60040
ITF3,Campania,68,28700,31173,59873
ITF3,Campania,69,28825,31768,60593
ITF3,Campania,70,28408,31781,60189
ITF3,Campania,71,28798,32349,61147
ITF3,Campania,72,27315,31061,58376
ITF3,Campania,73,27197,31071,58268
ITF3,Campania,74,21796,25201,46997
ITF3,Campania,75,18119,21575,39694
ITF3,Campania,76,18807,23506,42313
ITF3,Campania,77,17589,22110,39699
ITF3,Campania,78,16132,21335,37467
ITF3,Campania,79,17270,22960,40230
ITF3,Campania,80,16138,22169,38307
ITF3,Campania,81,14162,20119,34281
ITF3,Campania,82,12837,18623,31460
ITF3,Campania,83,10891,17016,27907
ITF3,Campania,84,10401,16460,26861
ITF3,Campania,85,8873,14726,23599
ITF3,Campania,86,8103,13878,21981
ITF3,Campania,87,6918,12271,19189
ITF3,Campania,88,5743,10959,16702
ITF3,Campania,89,4870,10116,14986
ITF3,Campania,90,3740,7979,11719
ITF3,Campania,91,2873,6756,9629
ITF3,Campania,92,2150,5346,7496
ITF3,Campania,93,1613,4141,5754
ITF3,Campania,94,1095,3281,4376
ITF3,Campania,95,785,2409,3194
ITF3,Campania,96,557,1809,2366
ITF3,Campania,97,395,1275,1670
ITF3,Campania,98,237,912,1149
ITF3,Campania,99,183,600,783
ITF3,Campania,100 and over,199,709,908
ITF3,Campania,Total,2784616,2927527,5712143
ITF4,Puglia,0,13955,13171,27126
ITF4,Puglia,1,14770,13646,28416
ITF4,Puglia,2,15104,14543,29647
ITF4,Puglia,3,15745,14852,30597
ITF4,Puglia,4,15835,15136,30971
ITF4,Puglia,5,16773,15645,32418
ITF4,Puglia,6,17002,16059,33061
ITF4,Puglia,7,17709,16568,34277
ITF4,Puglia,8,18212,17171,35383
ITF4,Puglia,9,18776,17780,36556
ITF4,Puglia,10,19033,17922,36955
ITF4,Puglia,11,19306,18167,37473
ITF4,Puglia,12,19591,18324,37915
ITF4,Puglia,13,19525,18637,38162
ITF4,Puglia,14,20075,18791,38866
ITF4,Puglia,15,20477,19790,40267
ITF4,Puglia,16,20733,19865,40598
ITF4,Puglia,17,20852,19919,40771
ITF4,Puglia,18,21746,20299,42045
ITF4,Puglia,19,22251,20876,43127
ITF4,Puglia,20,22662,20478,43140
ITF4,Puglia,21,22593,20560,43153
ITF4,Puglia,22,22436,20589,43025
ITF4,Puglia,23,22357,20879,43236
ITF4,Puglia,24,22303,20761,43064
ITF4,Puglia,25,22352,20914,43266
ITF4,Puglia,26,22779,21513,44292
ITF4,Puglia,27,23631,22407,46038
ITF4,Puglia,28,23123,22007,45130
ITF4,Puglia,29,23105,21826,44931
ITF4,Puglia,30,22323,22094,44417
ITF4,Puglia,31,23131,22377,45508
ITF4,Puglia,32,22479,22085,44564
ITF4,Puglia,33,22455,21744,44199
ITF4,Puglia,34,22130,22104,44234
ITF4,Puglia,35,22758,23114,45872
ITF4,Puglia,36,23136,23051,46187
ITF4,Puglia,37,23593,24118,47711
ITF4,Puglia,38,23830,24600,48430
ITF4,Puglia,39,24791,25048,49839
ITF4,Puglia,40,26197,26336,52533
ITF4,Puglia,41,27096,27193,54289
ITF4,Puglia,42,28166,28316,56482
ITF4,Puglia,43,29075,29581,58656
ITF4,Puglia,44,29923,30318,60241
ITF4,Puglia,45,30282,31500,61782
ITF4,Puglia,46,29408,30463,59871
ITF4,Puglia,47,29115,29875,58990
ITF4,Puglia,48,29740,30668,60408
ITF4,Puglia,49,29519,30521,60040
ITF4,Puglia,50,29848,31736,61584
ITF4,Puglia,51,29980,31808,61788
ITF4,Puglia,52,30521,32051,62572
ITF4,Puglia,53,30677,32334,63011
ITF4,Puglia,54,30420,32582,63002
ITF4,Puglia,55,30986,32919,63905
ITF4,Puglia,56,28515,30773,59288
ITF4,Puglia,57,27804,29944,57748
ITF4,Puglia,58,27482,29649,57131
ITF4,Puglia,59,26785,28772,55557
ITF4,Puglia,60,25902,28275,54177
ITF4,Puglia,61,24227,27060,51287
ITF4,Puglia,62,24746,27181,51927
ITF4,Puglia,63,23939,26472,50411
ITF4,Puglia,64,23694,26222,49916
ITF4,Puglia,65,23105,25313,48418
ITF4,Puglia,66,22201,24493,46694
ITF4,Puglia,67,21194,23495,44689
ITF4,Puglia,68,21878,24189,46067
ITF4,Puglia,69,22421,24893,47314
ITF4,Puglia,70,22233,24666,46899
ITF4,Puglia,71,23184,26214,49398
ITF4,Puglia,72,21645,24485,46130
ITF4,Puglia,73,20807,24241,45048
ITF4,Puglia,74,17601,20157,37758
ITF4,Puglia,75,15445,18294,33739
ITF4,Puglia,76,15160,18123,33283
ITF4,Puglia,77,15150,18433,33583
ITF4,Puglia,78,14072,17264,31336
ITF4,Puglia,79,14831,18529,33360
ITF4,Puglia,80,13946,18288,32234
ITF4,Puglia,81,12657,17015,29672
ITF4,Puglia,82,11329,15902,27231
ITF4,Puglia,83,9964,14295,24259
ITF4,Puglia,84,9390,13866,23256
ITF4,Puglia,85,8395,12956,21351
ITF4,Puglia,86,7253,11676,18929
ITF4,Puglia,87,6227,10560,16787
ITF4,Puglia,88,5408,9491,14899
ITF4,Puglia,89,4773,8833,13606
ITF4,Puglia,90,3528,7024,10552
ITF4,Puglia,91,2817,6014,8831
ITF4,Puglia,92,2263,5088,7351
ITF4,Puglia,93,1561,3860,5421
ITF4,Puglia,94,1169,2934,4103
ITF4,Puglia,95,836,2139,2975
ITF4,Puglia,96,615,1744,2359
ITF4,Puglia,97,411,1214,1625
ITF4,Puglia,98,246,832,1078
ITF4,Puglia,99,157,568,725
ITF4,Puglia,100 and over,176,706,882
ITF4,Puglia,Total,1923532,2029773,3953305
ITF5,Basilicata,0,1909,1721,3630
ITF5,Basilicata,1,1843,1796,3639
ITF5,Basilicata,2,2045,1853,3898
ITF5,Basilicata,3,2044,1924,3968
ITF5,Basilicata,4,2038,1958,3996
ITF5,Basilicata,5,2047,1998,4045
ITF5,Basilicata,6,2093,1933,4026
ITF5,Basilicata,7,2309,2097,4406
ITF5,Basilicata,8,2252,2122,4374
ITF5,Basilicata,9,2321,2206,4527
ITF5,Basilicata,10,2454,2268,4722
ITF5,Basilicata,11,2528,2324,4852
ITF5,Basilicata,12,2497,2295,4792
ITF5,Basilicata,13,2579,2374,4953
ITF5,Basilicata,14,2536,2384,4920
ITF5,Basilicata,15,2618,2628,5246
ITF5,Basilicata,16,2774,2515,5289
ITF5,Basilicata,17,2834,2632,5466
ITF5,Basilicata,18,2917,2612,5529
ITF5,Basilicata,19,3073,2675,5748
ITF5,Basilicata,20,3036,2739,5775
ITF5,Basilicata,21,3105,2670,5775
ITF5,Basilicata,22,3065,2727,5792
ITF5,Basilicata,23,3101,2764,5865
ITF5,Basilicata,24,3131,2802,5933
ITF5,Basilicata,25,3126,2937,6063
ITF5,Basilicata,26,3239,2926,6165
ITF5,Basilicata,27,3444,3191,6635
ITF5,Basilicata,28,3319,3154,6473
ITF5,Basilicata,29,3502,3205,6707
ITF5,Basilicata,30,3397,3101,6498
ITF5,Basilicata,31,3340,3164,6504
ITF5,Basilicata,32,3346,3072,6418
ITF5,Basilicata,33,3251,3002,6253
ITF5,Basilicata,34,3409,3104,6513
ITF5,Basilicata,35,3415,3224,6639
ITF5,Basilicata,36,3325,3215,6540
ITF5,Basilicata,37,3319,3308,6627
ITF5,Basilicata,38,3370,3229,6599
ITF5,Basilicata,39,3384,3229,6613
ITF5,Basilicata,40,3472,3296,6768
ITF5,Basilicata,41,3735,3484,7219
ITF5,Basilicata,42,3635,3726,7361
ITF5,Basilicata,43,4005,3865,7870
ITF5,Basilicata,44,3945,4044,7989
ITF5,Basilicata,45,4144,4045,8189
ITF5,Basilicata,46,4049,4010,8059
ITF5,Basilicata,47,4047,4197,8244
ITF5,Basilicata,48,4104,4222,8326
ITF5,Basilicata,49,4124,4318,8442
ITF5,Basilicata,50,4359,4322,8681
ITF5,Basilicata,51,4322,4434,8756
ITF5,Basilicata,52,4443,4579,9022
ITF5,Basilicata,53,4221,4538,8759
ITF5,Basilicata,54,4393,4524,8917
ITF5,Basilicata,55,4529,4698,9227
ITF5,Basilicata,56,4312,4409,8721
ITF5,Basilicata,57,4371,4429,8800
ITF5,Basilicata,58,4153,4402,8555
ITF5,Basilicata,59,4047,4337,8384
ITF5,Basilicata,60,3923,4128,8051
ITF5,Basilicata,61,3821,3942,7763
ITF5,Basilicata,62,3565,4041,7606
ITF5,Basilicata,63,3749,3976,7725
ITF5,Basilicata,64,3685,3721,7406
ITF5,Basilicata,65,3571,3825,7396
ITF5,Basilicata,66,3354,3456,6810
ITF5,Basilicata,67,3217,3487,6704
ITF5,Basilicata,68,3140,3428,6568
ITF5,Basilicata,69,3335,3453,6788
ITF5,Basilicata,70,3348,3472,6820
ITF5,Basilicata,71,3310,3669,6979
ITF5,Basilicata,72,2932,3350,6282
ITF5,Basilicata,73,2676,3004,5680
ITF5,Basilicata,74,1990,2409,4399
ITF5,Basilicata,75,2019,2300,4319
ITF5,Basilicata,76,1971,2274,4245
ITF5,Basilicata,77,1851,2330,4181
ITF5,Basilicata,78,1813,2311,4124
ITF5,Basilicata,79,2140,2636,4776
ITF5,Basilicata,80,2110,2761,4871
ITF5,Basilicata,81,1942,2606,4548
ITF5,Basilicata,82,1834,2581,4415
ITF5,Basilicata,83,1673,2376,4049
ITF5,Basilicata,84,1490,2284,3774
ITF5,Basilicata,85,1432,2214,3646
ITF5,Basilicata,86,1249,2020,3269
ITF5,Basilicata,87,1052,1725,2777
ITF5,Basilicata,88,930,1532,2462
ITF5,Basilicata,89,795,1501,2296
ITF5,Basilicata,90,655,1201,1856
ITF5,Basilicata,91,505,965,1470
ITF5,Basilicata,92,401,822,1223
ITF5,Basilicata,93,266,671,937
ITF5,Basilicata,94,192,502,694
ITF5,Basilicata,95,148,335,483
ITF5,Basilicata,96,130,281,411
ITF5,Basilicata,97,89,202,291
ITF5,Basilicata,98,53,173,226
ITF5,Basilicata,99,29,78,107
ITF5,Basilicata,100 and over,20,105,125
ITF5,Basilicata,Total,272150,281104,553254
ITF6,Calabria,0,7242,6935,14177
ITF6,Calabria,1,7593,7184,14777
ITF6,Calabria,2,7854,7491,15345
ITF6,Calabria,3,8008,7620,15628
ITF6,Calabria,4,8155,7746,15901
ITF6,Calabria,5,8321,7747,16068
ITF6,Calabria,6,8191,7884,16075
ITF6,Calabria,7,8540,7943,16483
ITF6,Calabria,8,8638,8076,16714
ITF6,Calabria,9,8792,8462,17254
ITF6,Calabria,10,9055,8436,17491
ITF6,Calabria,11,8922,8771,17693
ITF6,Calabria,12,9189,8571,17760
ITF6,Calabria,13,9466,8812,18278
ITF6,Calabria,14,9340,8739,18079
ITF6,Calabria,15,9660,9005,18665
ITF6,Calabria,16,9666,9034,18700
ITF6,Calabria,17,9662,8911,18573
ITF6,Calabria,18,9990,9413,19403
ITF6,Calabria,19,10465,9602,20067
ITF6,Calabria,20,10549,9502,20051
ITF6,Calabria,21,10677,9766,20443
ITF6,Calabria,22,10414,9621,20035
ITF6,Calabria,23,10753,9780,20533
ITF6,Calabria,24,10722,10162,20884
ITF6,Calabria,25,11050,10278,21328
ITF6,Calabria,26,11393,10751,22144
ITF6,Calabria,27,11535,11219,22754
ITF6,Calabria,28,11548,11025,22573
ITF6,Calabria,29,11879,11265,23144
ITF6,Calabria,30,12007,11407,23414
ITF6,Calabria,31,12188,11734,23922
ITF6,Calabria,32,11835,11632,23467
ITF6,Calabria,33,11741,11443,23184
ITF6,Calabria,34,11803,11492,23295
ITF6,Calabria,35,12207,11456,23663
ITF6,Calabria,36,11944,11578,23522
ITF6,Calabria,37,12040,11953,23993
ITF6,Calabria,38,12072,11877,23949
ITF6,Calabria,39,12249,12010,24259
ITF6,Calabria,40,12406,12420,24826
ITF6,Calabria,41,12670,12490,25160
ITF6,Calabria,42,12650,13040,25690
ITF6,Calabria,43,13353,13586,26939
ITF6,Calabria,44,13337,13524,26861
ITF6,Calabria,45,13358,13825,27183
ITF6,Calabria,46,13368,13749,27117
ITF6,Calabria,47,13306,14041,27347
ITF6,Calabria,48,13422,14341,27763
ITF6,Calabria,49,13335,14196,27531
ITF6,Calabria,50,13915,15136,29051
ITF6,Calabria,51,13847,14772,28619
ITF6,Calabria,52,13980,14973,28953
ITF6,Calabria,53,13953,15094,29047
ITF6,Calabria,54,13902,14902,28804
ITF6,Calabria,55,14534,15528,30062
ITF6,Calabria,56,13690,14683,28373
ITF6,Calabria,57,13590,14691,28281
ITF6,Calabria,58,13455,14502,27957
ITF6,Calabria,59,13360,14297,27657
ITF6,Calabria,60,13049,13911,26960
ITF6,Calabria,61,12129,12927,25056
ITF6,Calabria,62,12620,13143,25763
ITF6,Calabria,63,12102,12773,24875
ITF6,Calabria,64,12021,12652,24673
ITF6,Calabria,65,11962,12513,24475
ITF6,Calabria,66,11269,11776,23045
ITF6,Calabria,67,10575,11170,21745
ITF6,Calabria,68,10693,11461,22154
ITF6,Calabria,69,10886,11583,22469
ITF6,Calabria,70,10811,11549,22360
ITF6,Calabria,71,10748,11735,22483
ITF6,Calabria,72,10411,11297,21708
ITF6,Calabria,73,9344,10387,19731
ITF6,Calabria,74,7222,8012,15234
ITF6,Calabria,75,7211,7914,15125
ITF6,Calabria,76,6829,7948,14777
ITF6,Calabria,77,6695,7810,14505
ITF6,Calabria,78,6307,7470,13777
ITF6,Calabria,79,6994,8514,15508
ITF6,Calabria,80,6570,8203,14773
ITF6,Calabria,81,5819,7815,13634
ITF6,Calabria,82,5411,7238,12649
ITF6,Calabria,83,4925,7067,11992
ITF6,Calabria,84,4693,6774,11467
ITF6,Calabria,85,4214,6282,10496
ITF6,Calabria,86,3942,5976,9918
ITF6,Calabria,87,3215,5408,8623
ITF6,Calabria,88,2741,4790,7531
ITF6,Calabria,89,2377,4260,6637
ITF6,Calabria,90,1817,3468,5285
ITF6,Calabria,91,1442,2853,4295
ITF6,Calabria,92,1091,2340,3431
ITF6,Calabria,93,859,1940,2799
ITF6,Calabria,94,618,1508,2126
ITF6,Calabria,95,461,1209,1670
ITF6,Calabria,96,321,881,1202
ITF6,Calabria,97,215,599,814
ITF6,Calabria,98,128,439,567
ITF6,Calabria,99,107,302,409
ITF6,Calabria,100 and over,102,358,460
ITF6,Calabria,Total,927732,966378,1894110
ITG1,Sicilia,0,19488,18195,37683
ITG1,Sicilia,1,20256,19203,39459
ITG1,Sicilia,2,20891,19611,40502
ITG1,Sicilia,3,20751,19838,40589
ITG1,Sicilia,4,21529,20374,41903
ITG1,Sicilia,5,22057,20915,42972
ITG1,Sicilia,6,21726,20690,42416
ITG1,Sicilia,7,22710,21832,44542
ITG1,Sicilia,8,22821,21821,44642
ITG1,Sicilia,9,23580,22622,46202
ITG1,Sicilia,10,24275,22932,47207
ITG1,Sicilia,11,24683,23379,48062
ITG1,Sicilia,12,24463,23301,47764
ITG1,Sicilia,13,25352,23396,48748
ITG1,Sicilia,14,25611,24088,49699
ITG1,Sicilia,15,26092,24534,50626
ITG1,Sicilia,16,25985,24631,50616
ITG1,Sicilia,17,26176,24719,50895
ITG1,Sicilia,18,27305,25070,52375
ITG1,Sicilia,19,28659,25340,53999
ITG1,Sicilia,20,28678,25985,54663
ITG1,Sicilia,21,28075,25643,53718
ITG1,Sicilia,22,28022,25752,53774
ITG1,Sicilia,23,27871,26180,54051
ITG1,Sicilia,24,27989,26453,54442
ITG1,Sicilia,25,28555,26938,55493
ITG1,Sicilia,26,29130,27961,57091
ITG1,Sicilia,27,30233,28989,59222
ITG1,Sicilia,28,29629,28535,58164
ITG1,Sicilia,29,29762,28777,58539
ITG1,Sicilia,30,29554,28983,58537
ITG1,Sicilia,31,29804,28980,58784
ITG1,Sicilia,32,28961,28320,57281
ITG1,Sicilia,33,29061,28271,57332
ITG1,Sicilia,34,29050,28774,57824
ITG1,Sicilia,35,29539,29453,58992
ITG1,Sicilia,36,29237,28994,58231
ITG1,Sicilia,37,30104,30026,60130
ITG1,Sicilia,38,30018,30211,60229
ITG1,Sicilia,39,31125,31282,62407
ITG1,Sicilia,40,31279,31818,63097
ITG1,Sicilia,41,32277,32617,64894
ITG1,Sicilia,42,32518,33320,65838
ITG1,Sicilia,43,34156,34892,69048
ITG1,Sicilia,44,35059,35749,70808
ITG1,Sicilia,45,36070,37287,73357
ITG1,Sicilia,46,35331,36689,72020
ITG1,Sicilia,47,35515,36900,72415
ITG1,Sicilia,48,35899,37950,73849
ITG1,Sicilia,49,35313,37800,73113
ITG1,Sicilia,50,36784,38684,75468
ITG1,Sicilia,51,36149,38350,74499
ITG1,Sicilia,52,36539,38690,75229
ITG1,Sicilia,53,36149,38539,74688
ITG1,Sicilia,54,35700,38390,74090
ITG1,Sicilia,55,36835,39178,76013
ITG1,Sicilia,56,34654,37217,71871
ITG1,Sicilia,57,34267,37317,71584
ITG1,Sicilia,58,33390,36380,69770
ITG1,Sicilia,59,33158,36595,69753
ITG1,Sicilia,60,31691,34474,66165
ITG1,Sicilia,61,30481,33517,63998
ITG1,Sicilia,62,30309,33475,63784
ITG1,Sicilia,63,29441,32703,62144
ITG1,Sicilia,64,29611,32169,61780
ITG1,Sicilia,65,28805,32276,61081
ITG1,Sicilia,66,26652,29500,56152
ITG1,Sicilia,67,26145,29250,55395
ITG1,Sicilia,68,25937,28659,54596
ITG1,Sicilia,69,26466,29640,56106
ITG1,Sicilia,70,26276,29773,56049
ITG1,Sicilia,71,26951,30604,57555
ITG1,Sicilia,72,26240,30044,56284
ITG1,Sicilia,73,23517,27529,51046
ITG1,Sicilia,74,19755,23006,42761
ITG1,Sicilia,75,18483,22064,40547
ITG1,Sicilia,76,17194,20955,38149
ITG1,Sicilia,77,16504,20735,37239
ITG1,Sicilia,78,16017,20565,36582
ITG1,Sicilia,79,17594,23159,40753
ITG1,Sicilia,80,16466,21729,38195
ITG1,Sicilia,81,14937,20477,35414
ITG1,Sicilia,82,12769,18005,30774
ITG1,Sicilia,83,11808,16991,28799
ITG1,Sicilia,84,10951,16390,27341
ITG1,Sicilia,85,10100,15647,25747
ITG1,Sicilia,86,8991,14285,23276
ITG1,Sicilia,87,7280,12422,19702
ITG1,Sicilia,88,6248,11220,17468
ITG1,Sicilia,89,5666,10748,16414
ITG1,Sicilia,90,4041,8157,12198
ITG1,Sicilia,91,3275,6976,10251
ITG1,Sicilia,92,2500,5317,7817
ITG1,Sicilia,93,1862,4577,6439
ITG1,Sicilia,94,1355,3483,4838
ITG1,Sicilia,95,988,2813,3801
ITG1,Sicilia,96,655,1859,2514
ITG1,Sicilia,97,452,1415,1867
ITG1,Sicilia,98,296,903,1199
ITG1,Sicilia,99,178,651,829
ITG1,Sicilia,100 and over,206,826,1032
ITG1,Sicilia,Total,2370942,2504348,4875290
ITG2,Sardegna,0,4424,4293,8717
ITG2,Sardegna,1,4754,4457,9211
ITG2,Sardegna,2,5176,4830,10006
ITG2,Sardegna,3,5408,5015,10423
ITG2,Sardegna,4,5717,5250,10967
ITG2,Sardegna,5,5828,5424,11252
ITG2,Sardegna,6,5970,5644,11614
ITG2,Sardegna,7,6331,5875,12206
ITG2,Sardegna,8,6609,6234,12843
ITG2,Sardegna,9,6865,6379,13244
ITG2,Sardegna,10,6938,6339,13277
ITG2,Sardegna,11,6848,6479,13327
ITG2,Sardegna,12,6801,6496,13297
ITG2,Sardegna,13,6961,6433,13394
ITG2,Sardegna,14,7017,6459,13476
ITG2,Sardegna,15,6891,6375,13266
ITG2,Sardegna,16,7117,6637,13754
ITG2,Sardegna,17,6949,6588,13537
ITG2,Sardegna,18,7132,6751,13883
ITG2,Sardegna,19,7597,6844,14441
ITG2,Sardegna,20,7690,6689,14379
ITG2,Sardegna,21,7575,6538,14113
ITG2,Sardegna,22,7587,6639,14226
ITG2,Sardegna,23,7779,6720,14499
ITG2,Sardegna,24,7940,6925,14865
ITG2,Sardegna,25,7930,7105,15035
ITG2,Sardegna,26,8042,7457,15499
ITG2,Sardegna,27,8363,7790,16153
ITG2,Sardegna,28,8596,7884,16480
ITG2,Sardegna,29,8769,8257,17026
ITG2,Sardegna,30,8824,8158,16982
ITG2,Sardegna,31,8872,8363,17235
ITG2,Sardegna,32,8912,8492,17404
ITG2,Sardegna,33,8863,8554,17417
ITG2,Sardegna,34,9273,8846,18119
ITG2,Sardegna,35,9525,8913,18438
ITG2,Sardegna,36,9579,9363,18942
ITG2,Sardegna,37,10236,9754,19990
ITG2,Sardegna,38,10085,9965,20050
ITG2,Sardegna,39,10730,10125,20855
ITG2,Sardegna,40,10588,10462,21050
ITG2,Sardegna,41,11782,11308,23090
ITG2,Sardegna,42,12024,11493,23517
ITG2,Sardegna,43,12380,12088,24468
ITG2,Sardegna,44,12958,12763,25721
ITG2,Sardegna,45,13758,13110,26868
ITG2,Sardegna,46,13690,13191,26881
ITG2,Sardegna,47,13439,13136,26575
ITG2,Sardegna,48,13078,13469,26547
ITG2,Sardegna,49,13228,12985,26213
ITG2,Sardegna,50,13507,13562,27069
ITG2,Sardegna,51,12974,13374,26348
ITG2,Sardegna,52,13541,13653,27194
ITG2,Sardegna,53,13569,13854,27423
ITG2,Sardegna,54,13588,13756,27344
ITG2,Sardegna,55,13807,14099,27906
ITG2,Sardegna,56,12979,13695,26674
ITG2,Sardegna,57,12692,13305,25997
ITG2,Sardegna,58,12336,13115,25451
ITG2,Sardegna,59,12153,12509,24662
ITG2,Sardegna,60,11773,12344,24117
ITG2,Sardegna,61,11535,12147,23682
ITG2,Sardegna,62,11437,12210,23647
ITG2,Sardegna,63,11188,11944,23132
ITG2,Sardegna,64,10855,11535,22390
ITG2,Sardegna,65,11009,11642,22651
ITG2,Sardegna,66,10445,11043,21488
ITG2,Sardegna,67,10181,10951,21132
ITG2,Sardegna,68,9898,10800,20698
ITG2,Sardegna,69,9968,10736,20704
ITG2,Sardegna,70,9622,10381,20003
ITG2,Sardegna,71,9616,10636,20252
ITG2,Sardegna,72,9162,10140,19302
ITG2,Sardegna,73,8586,9327,17913
ITG2,Sardegna,74,7730,8896,16626
ITG2,Sardegna,75,7408,8712,16120
ITG2,Sardegna,76,6823,8586,15409
ITG2,Sardegna,77,6992,8595,15587
ITG2,Sardegna,78,6228,7986,14214
ITG2,Sardegna,79,6683,8748,15431
ITG2,Sardegna,80,6162,8016,14178
ITG2,Sardegna,81,5268,7217,12485
ITG2,Sardegna,82,4663,6645,11308
ITG2,Sardegna,83,4312,6305,10617
ITG2,Sardegna,84,3596,5745,9341
ITG2,Sardegna,85,3615,5606,9221
ITG2,Sardegna,86,3244,5204,8448
ITG2,Sardegna,87,2651,4648,7299
ITG2,Sardegna,88,2293,4017,6310
ITG2,Sardegna,89,2064,3901,5965
ITG2,Sardegna,90,1550,3283,4833
ITG2,Sardegna,91,1241,2805,4046
ITG2,Sardegna,92,921,2235,3156
ITG2,Sardegna,93,767,1835,2602
ITG2,Sardegna,94,480,1334,1814
ITG2,Sardegna,95,374,1127,1501
ITG2,Sardegna,96,279,754,1033
ITG2,Sardegna,97,198,579,777
ITG2,Sardegna,98,126,377,503
ITG2,Sardegna,99,82,306,388
ITG2,Sardegna,100 and over,97,361,458
ITG2,Sardegna,Total,791696,819925,1611621
